"0";"kevinsawicki";"CoffeeScript";"14001";"1"
"0";"kevinsawicki";"C++";"584";"21"
"0";"kevinsawicki";"Java";"572";"25"
"0";"kevinsawicki";"JavaScript";"540";"23"
"0";"kevinsawicki";"CSS";"209";"91"
"0";"kevinsawicki";"PowerShell";"196";"69"
"0";"kevinsawicki";"C";"103";"100"
"0";"kevinsawicki";"Shell";"77";"100"
"0";"kevinsawicki";"Ruby";"45";"100"
"0";"kevinsawicki";"Objective-C";"30";"100"
"0";"kevinsawicki";"Python";"27";"100"
"0";"kevinsawicki";"Objective-C++";"18";"100"
"0";"kevinsawicki";"Perl";"8";"100"
"1";"michalbe";"JavaScript";"9448";"1"
"1";"michalbe";"Shell";"80";"100"
"1";"michalbe";"CSS";"75";"100"
"1";"michalbe";"PHP";"39";"100"
"1";"michalbe";"Rust";"11";"100"
"1";"michalbe";"Python";"2";"100"
"1";"michalbe";"C++";"2";"100"
"1";"michalbe";"CoffeeScript";"1";"100"
"2";"taylorotwell";"PHP";"24345";"1"
"2";"taylorotwell";"Shell";"168";"75"
"2";"taylorotwell";"JavaScript";"70";"100"
"2";"taylorotwell";"Ruby";"54";"100"
"2";"taylorotwell";"CSS";"11";"100"
"2";"taylorotwell";"Python";"3";"100"
"2";"taylorotwell";"VimL";"2";"100"
"2";"taylorotwell";"C";"2";"100"
"2";"taylorotwell";"Objective-C";"1";"100"
"2";"taylorotwell";"C++";"1";"100"
"2";"taylorotwell";"C#";"1";"100"
"3";"michaelklishin";"Clojure";"4782";"1"
"3";"michaelklishin";"Ruby";"4580";"1"
"3";"michaelklishin";"JavaScript";"807";"9"
"3";"michaelklishin";"Java";"598";"24"
"3";"michaelklishin";"CSS";"561";"6"
"3";"michaelklishin";"Go";"239";"57"
"3";"michaelklishin";"Erlang";"194";"100"
"3";"michaelklishin";"Python";"187";"70"
"3";"michaelklishin";"Emacs Lisp";"127";"100"
"3";"michaelklishin";"Haskell";"77";"100"
"3";"michaelklishin";"Groovy";"48";"100"
"3";"michaelklishin";"PHP";"47";"100"
"3";"michaelklishin";"Shell";"42";"100"
"3";"michaelklishin";"C#";"35";"100"
"3";"michaelklishin";"Elixir";"17";"100"
"3";"michaelklishin";"Scala";"10";"100"
"3";"michaelklishin";"C";"8";"100"
"3";"michaelklishin";"Rust";"2";"100"
"3";"michaelklishin";"TypeScript";"1";"100"
"3";"michaelklishin";"OCaml";"1";"100"
"3";"michaelklishin";"C++";"1";"100"
"4";"brianchandotcom";"Java";"66674";"1"
"4";"brianchandotcom";"Python";"1";"100"
"5";"qiangxue";"PHP";"17028";"1"
"5";"qiangxue";"CSS";"95";"100"
"5";"qiangxue";"JavaScript";"26";"100"
"5";"qiangxue";"Shell";"5";"100"
"5";"qiangxue";"Python";"1";"100"
"5";"qiangxue";"C++";"1";"100"
"7";"mitchellh";"Ruby";"11145";"1"
"7";"mitchellh";"Go";"7402";"1"
"7";"mitchellh";"Shell";"317";"34"
"7";"mitchellh";"Puppet";"268";"37"
"7";"mitchellh";"JavaScript";"198";"65"
"7";"mitchellh";"PowerShell";"90";"100"
"7";"mitchellh";"C";"68";"100"
"7";"mitchellh";"Pascal";"31";"100"
"7";"mitchellh";"CSS";"28";"100"
"7";"mitchellh";"CoffeeScript";"9";"100"
"7";"mitchellh";"VimL";"8";"100"
"7";"mitchellh";"Python";"6";"100"
"7";"mitchellh";"PHP";"2";"100"
"7";"mitchellh";"Objective-C";"2";"100"
"8";"cvrebert";"CSS";"8177";"1"
"8";"cvrebert";"JavaScript";"7847";"1"
"8";"cvrebert";"Python";"4079";"1"
"8";"cvrebert";"Scala";"641";"18"
"8";"cvrebert";"Ruby";"77";"100"
"8";"cvrebert";"PHP";"45";"100"
"8";"cvrebert";"Shell";"44";"100"
"8";"cvrebert";"Java";"28";"100"
"8";"cvrebert";"CoffeeScript";"13";"100"
"8";"cvrebert";"Go";"11";"100"
"8";"cvrebert";"C";"9";"100"
"8";"cvrebert";"Perl";"7";"100"
"8";"cvrebert";"Scheme";"6";"100"
"8";"cvrebert";"C#";"5";"100"
"8";"cvrebert";"XSLT";"4";"100"
"8";"cvrebert";"TypeScript";"2";"100"
"8";"cvrebert";"OCaml";"2";"100"
"8";"cvrebert";"Haskell";"2";"100"
"8";"cvrebert";"C++";"2";"100"
"8";"cvrebert";"Objective-C";"1";"100"
"9";"substack";"JavaScript";"8790";"1"
"9";"substack";"CSS";"41";"100"
"9";"substack";"CoffeeScript";"15";"100"
"9";"substack";"Arduino";"5";"100"
"9";"substack";"C";"4";"100"
"9";"substack";"Perl";"2";"100"
"9";"substack";"Shell";"1";"100"
"9";"substack";"Python";"1";"100"
"9";"substack";"PHP";"1";"100"
"10";"ornicar";"Scala";"3114";"2"
"10";"ornicar";"JavaScript";"566";"16"
"10";"ornicar";"PHP";"158";"100"
"10";"ornicar";"VimL";"125";"81"
"10";"ornicar";"Clojure";"74";"100"
"10";"ornicar";"Java";"71";"100"
"10";"ornicar";"CSS";"40";"100"
"10";"ornicar";"Shell";"24";"100"
"10";"ornicar";"Python";"19";"100"
"10";"ornicar";"Haskell";"19";"100"
"10";"ornicar";"Elm";"6";"100"
"10";"ornicar";"C";"5";"100"
"10";"ornicar";"Ruby";"2";"100"
"10";"ornicar";"C++";"2";"100"
"10";"ornicar";"Rust";"1";"100"
"10";"ornicar";"Prolog";"1";"100"
"10";"ornicar";"Idris";"1";"100"
"10";"ornicar";"Erlang";"1";"100"
"10";"ornicar";"Assembly";"1";"100"
"11";"jonathanong";"JavaScript";"20699";"1"
"11";"jonathanong";"CSS";"290";"60"
"11";"jonathanong";"CoffeeScript";"57";"100"
"11";"jonathanong";"Shell";"45";"100"
"11";"jonathanong";"Ruby";"22";"100"
"11";"jonathanong";"C";"22";"100"
"11";"jonathanong";"C++";"21";"100"
"11";"jonathanong";"PHP";"16";"100"
"11";"jonathanong";"Python";"9";"100"
"11";"jonathanong";"Go";"5";"100"
"11";"jonathanong";"Java";"2";"100"
"11";"jonathanong";"Perl";"1";"100"
"11";"jonathanong";"Emacs Lisp";"1";"100"
"12";"mikermcneil";"JavaScript";"9835";"1"
"12";"mikermcneil";"CSS";"49";"100"
"12";"mikermcneil";"CoffeeScript";"27";"100"
"12";"mikermcneil";"Shell";"16";"100"
"12";"mikermcneil";"Python";"9";"100"
"12";"mikermcneil";"PHP";"1";"100"
"12";"mikermcneil";"Java";"1";"100"
"12";"mikermcneil";"Go";"1";"100"
"12";"mikermcneil";"Common Lisp";"1";"100"
"12";"mikermcneil";"C#";"1";"100"
"12";"mikermcneil";"C";"1";"100"
"12";"mikermcneil";"ActionScript";"1";"100"
"13";"hadley";"R";"11083";"1"
"13";"hadley";"JavaScript";"843";"12"
"13";"hadley";"C++";"328";"48"
"13";"hadley";"TeX";"308";"28"
"13";"hadley";"C";"273";"52"
"13";"hadley";"CSS";"165";"68"
"13";"hadley";"Shell";"115";"100"
"13";"hadley";"Ruby";"18";"100"
"13";"hadley";"Python";"13";"100"
"13";"hadley";"Java";"6";"100"
"13";"hadley";"Rebol";"5";"100"
"13";"hadley";"Turing";"4";"100"
"13";"hadley";"Scala";"1";"100"
"13";"hadley";"Perl";"1";"100"
"14";"weierophinney";"PHP";"13524";"1"
"14";"weierophinney";"Python";"680";"14"
"14";"weierophinney";"JavaScript";"514";"18"
"14";"weierophinney";"Puppet";"221";"73"
"14";"weierophinney";"CSS";"62";"100"
"14";"weierophinney";"Ruby";"6";"100"
"14";"weierophinney";"Shell";"3";"100"
"14";"weierophinney";"XSLT";"1";"100"
"14";"weierophinney";"VimL";"1";"100"
"14";"weierophinney";"Lasso";"1";"100"
"15";"jdalton";"JavaScript";"10023";"1"
"15";"jdalton";"PHP";"166";"100"
"15";"jdalton";"CSS";"75";"100"
"15";"jdalton";"Ruby";"53";"100"
"15";"jdalton";"CoffeeScript";"32";"100"
"15";"jdalton";"Shell";"16";"100"
"15";"jdalton";"C++";"5";"100"
"15";"jdalton";"Python";"3";"100"
"15";"jdalton";"C";"2";"100"
"15";"jdalton";"ASP";"2";"100"
"15";"jdalton";"XSLT";"1";"100"
"15";"jdalton";"Scala";"1";"100"
"15";"jdalton";"PureScript";"1";"100"
"15";"jdalton";"Prolog";"1";"100"
"15";"jdalton";"Java";"1";"100"
"16";"feross";"JavaScript";"5763";"1"
"16";"feross";"Python";"190";"100"
"16";"feross";"Shell";"105";"100"
"16";"feross";"CSS";"49";"100"
"16";"feross";"CoffeeScript";"38";"100"
"16";"feross";"C++";"27";"100"
"16";"feross";"C";"19";"100"
"16";"feross";"Ruby";"11";"100"
"16";"feross";"PHP";"11";"100"
"16";"feross";"TypeScript";"2";"100"
"16";"feross";"Java";"2";"100"
"16";"feross";"VimL";"1";"100"
"16";"feross";"TeX";"1";"100"
"16";"feross";"Objective-C";"1";"100"
"16";"feross";"LiveScript";"1";"100"
"16";"feross";"Go";"1";"100"
"17";"springmeyer";"C++";"9057";"1"
"17";"springmeyer";"JavaScript";"6433";"1"
"17";"springmeyer";"C";"1447";"5"
"17";"springmeyer";"Shell";"680";"12"
"17";"springmeyer";"Python";"477";"36"
"17";"springmeyer";"Ruby";"54";"100"
"17";"springmeyer";"Objective-C";"22";"100"
"17";"springmeyer";"CSS";"18";"100"
"17";"springmeyer";"Java";"17";"100"
"17";"springmeyer";"Go";"13";"100"
"17";"springmeyer";"Lasso";"11";"100"
"17";"springmeyer";"SQL";"10";"100"
"17";"springmeyer";"Perl";"7";"100"
"17";"springmeyer";"CoffeeScript";"4";"100"
"17";"springmeyer";"XML";"2";"100"
"17";"springmeyer";"Rust";"2";"100"
"17";"springmeyer";"C#";"2";"100"
"17";"springmeyer";"TypeScript";"1";"100"
"17";"springmeyer";"Puppet";"1";"100"
"17";"springmeyer";"PHP";"1";"100"
"17";"springmeyer";"Dart";"1";"100"
"17";"springmeyer";"D";"1";"100"
"18";"sahat";"CSS";"1466";"2"
"18";"sahat";"JavaScript";"1210";"7"
"18";"sahat";"PHP";"623";"29"
"18";"sahat";"CoffeeScript";"43";"100"
"18";"sahat";"Python";"21";"100"
"18";"sahat";"Objective-C";"21";"100"
"18";"sahat";"Ruby";"10";"100"
"18";"sahat";"Go";"9";"100"
"18";"sahat";"C++";"8";"100"
"18";"sahat";"Shell";"6";"100"
"18";"sahat";"C";"6";"100"
"18";"sahat";"Java";"4";"100"
"18";"sahat";"Swift";"2";"100"
"18";"sahat";"VimL";"1";"100"
"18";"sahat";"Rust";"1";"100"
"18";"sahat";"Perl";"1";"100"
"19";"thomasdavis";"JavaScript";"5839";"1"
"19";"thomasdavis";"CSS";"996";"2"
"19";"thomasdavis";"Python";"603";"20"
"19";"thomasdavis";"Ruby";"58";"100"
"19";"thomasdavis";"CoffeeScript";"31";"100"
"19";"thomasdavis";"C#";"4";"100"
"19";"thomasdavis";"Java";"3";"100"
"19";"thomasdavis";"Go";"3";"100"
"19";"thomasdavis";"Shell";"2";"100"
"19";"thomasdavis";"PHP";"2";"100"
"19";"thomasdavis";"Perl";"1";"100"
"19";"thomasdavis";"Haskell";"1";"100"
"19";"thomasdavis";"Emacs Lisp";"1";"100"
"19";"thomasdavis";"C++";"1";"100"
"19";"thomasdavis";"C";"1";"100"
"20";"rkh";"Shell";"7882";"1"
"20";"rkh";"Ruby";"5317";"1"
"20";"rkh";"JavaScript";"369";"41"
"20";"rkh";"CSS";"240";"74"
"20";"rkh";"CoffeeScript";"107";"100"
"20";"rkh";"Go";"19";"100"
"20";"rkh";"Objective-C";"18";"100"
"20";"rkh";"C";"17";"100"
"20";"rkh";"Python";"15";"100"
"20";"rkh";"PHP";"7";"100"
"20";"rkh";"Java";"5";"100"
"20";"rkh";"C++";"4";"100"
"20";"rkh";"SQL";"2";"100"
"20";"rkh";"Smalltalk";"1";"100"
"20";"rkh";"Scala";"1";"100"
"20";"rkh";"OCaml";"1";"100"
"20";"rkh";"Lua";"1";"100"
"20";"rkh";"Erlang";"1";"100"
"20";"rkh";"Clojure";"1";"100"
"20";"rkh";"Bison";"1";"100"
"21";"SamyPesse";"JavaScript";"5566";"1"
"21";"SamyPesse";"CSS";"446";"20"
"21";"SamyPesse";"C";"274";"44"
"21";"SamyPesse";"Ruby";"133";"100"
"21";"SamyPesse";"CoffeeScript";"73";"100"
"21";"SamyPesse";"Python";"55";"100"
"21";"SamyPesse";"Shell";"12";"100"
"21";"SamyPesse";"C++";"8";"100"
"21";"SamyPesse";"Go";"6";"100"
"21";"SamyPesse";"Java";"3";"100"
"21";"SamyPesse";"PHP";"2";"100"
"21";"SamyPesse";"TeX";"1";"100"
"21";"SamyPesse";"Rust";"1";"100"
"21";"SamyPesse";"Objective-C";"1";"100"
"21";"SamyPesse";"Erlang";"1";"100"
"21";"SamyPesse";"Emacs Lisp";"1";"100"
"21";"SamyPesse";"Assembly";"1";"100"
"22";"stefanpenner";"JavaScript";"23767";"1"
"22";"stefanpenner";"Ruby";"1630";"4"
"22";"stefanpenner";"CSS";"371";"31"
"22";"stefanpenner";"Objective-C";"46";"100"
"22";"stefanpenner";"CoffeeScript";"32";"100"
"22";"stefanpenner";"Shell";"24";"100"
"22";"stefanpenner";"Rust";"15";"100"
"22";"stefanpenner";"C";"10";"100"
"22";"stefanpenner";"Python";"7";"100"
"22";"stefanpenner";"Objective-C++";"4";"100"
"22";"stefanpenner";"Java";"4";"100"
"22";"stefanpenner";"C++";"3";"100"
"22";"stefanpenner";"Swift";"1";"100"
"22";"stefanpenner";"Scala";"1";"100"
"22";"stefanpenner";"Perl";"1";"100"
"22";"stefanpenner";"Emacs Lisp";"1";"100"
"22";"stefanpenner";"Dart";"1";"100"
"23";"kytrinyx";"Ruby";"8165";"1"
"23";"kytrinyx";"JavaScript";"3658";"2"
"23";"kytrinyx";"Go";"1231";"12"
"23";"kytrinyx";"Python";"327";"55"
"23";"kytrinyx";"CSS";"327";"24"
"23";"kytrinyx";"Perl";"217";"66"
"23";"kytrinyx";"CoffeeScript";"162";"100"
"23";"kytrinyx";"PHP";"135";"100"
"23";"kytrinyx";"SQL";"109";"100"
"23";"kytrinyx";"Haskell";"103";"100"
"23";"kytrinyx";"Lua";"102";"100"
"23";"kytrinyx";"C#";"94";"100"
"23";"kytrinyx";"Clojure";"91";"100"
"23";"kytrinyx";"Common Lisp";"84";"100"
"23";"kytrinyx";"Scala";"81";"100"
"23";"kytrinyx";"Shell";"78";"100"
"23";"kytrinyx";"C++";"76";"100"
"23";"kytrinyx";"Erlang";"71";"100"
"23";"kytrinyx";"Elixir";"69";"100"
"23";"kytrinyx";"Swift";"64";"100"
"23";"kytrinyx";"F#";"63";"100"
"23";"kytrinyx";"Rust";"57";"100"
"23";"kytrinyx";"Objective-C";"51";"100"
"23";"kytrinyx";"Java";"48";"100"
"23";"kytrinyx";"OCaml";"42";"100"
"23";"kytrinyx";"Nimrod";"25";"100"
"23";"kytrinyx";"Groovy";"19";"100"
"23";"kytrinyx";"VimL";"9";"100"
"23";"kytrinyx";"C";"6";"100"
"23";"kytrinyx";"TeX";"3";"100"
"23";"kytrinyx";"Visual Basic";"2";"100"
"24";"tmcw";"JavaScript";"12852";"1"
"24";"tmcw";"Java";"1005";"11"
"24";"tmcw";"CSS";"532";"12"
"24";"tmcw";"C++";"274";"56"
"24";"tmcw";"Python";"218";"90"
"24";"tmcw";"Ruby";"118";"100"
"24";"tmcw";"Shell";"91";"100"
"24";"tmcw";"Objective-C";"56";"100"
"24";"tmcw";"C";"45";"100"
"24";"tmcw";"CoffeeScript";"44";"100"
"24";"tmcw";"VimL";"42";"100"
"24";"tmcw";"Go";"29";"100"
"24";"tmcw";"PHP";"16";"100"
"24";"tmcw";"ActionScript";"9";"100"
"24";"tmcw";"Clojure";"3";"100"
"24";"tmcw";"Swift";"2";"100"
"24";"tmcw";"Scala";"2";"100"
"24";"tmcw";"Perl";"2";"100"
"24";"tmcw";"OCaml";"2";"100"
"24";"tmcw";"Julia";"2";"100"
"24";"tmcw";"C#";"2";"100"
"24";"tmcw";"XML";"1";"100"
"24";"tmcw";"Scheme";"1";"100"
"24";"tmcw";"Rust";"1";"100"
"24";"tmcw";"R";"1";"100"
"24";"tmcw";"Nimrod";"1";"100"
"24";"tmcw";"Lua";"1";"100"
"24";"tmcw";"LiveScript";"1";"100"
"24";"tmcw";"Groovy";"1";"100"
"24";"tmcw";"Dart";"1";"100"
"24";"tmcw";"Assembly";"1";"100"
"24";"tmcw";"Arduino";"1";"100"
"25";"mdo";"CSS";"8785";"1"
"25";"mdo";"JavaScript";"8017";"1"
"25";"mdo";"Ruby";"63";"100"
"25";"mdo";"PHP";"7";"100"
"25";"mdo";"Shell";"6";"100"
"25";"mdo";"Scala";"4";"100"
"25";"mdo";"CoffeeScript";"3";"100"
"25";"mdo";"Python";"1";"100"
"25";"mdo";"Objective-C";"1";"100"
"26";"dcramer";"Python";"7360";"1"
"26";"dcramer";"Ruby";"492";"33"
"26";"dcramer";"PHP";"415";"31"
"26";"dcramer";"JavaScript";"305";"38"
"26";"dcramer";"Go";"300";"49"
"26";"dcramer";"C#";"118";"100"
"26";"dcramer";"Java";"76";"100"
"26";"dcramer";"Shell";"61";"100"
"26";"dcramer";"Objective-C";"26";"100"
"26";"dcramer";"C++";"23";"100"
"26";"dcramer";"CSS";"7";"100"
"26";"dcramer";"C";"5";"100"
"26";"dcramer";"Erlang";"2";"100"
"26";"dcramer";"Clojure";"2";"100"
"26";"dcramer";"ActionScript";"2";"100"
"26";"dcramer";"Swift";"1";"100"
"26";"dcramer";"Scala";"1";"100"
"26";"dcramer";"Lua";"1";"100"
"26";"dcramer";"Groovy";"1";"100"
"26";"dcramer";"Elixir";"1";"100"
"27";"addyosmani";"JavaScript";"7914";"1"
"27";"addyosmani";"CSS";"4052";"1"
"27";"addyosmani";"Shell";"619";"63"
"27";"addyosmani";"Python";"57";"100"
"27";"addyosmani";"Ruby";"25";"100"
"27";"addyosmani";"C";"9";"100"
"27";"addyosmani";"Dart";"4";"100"
"27";"addyosmani";"CoffeeScript";"4";"100"
"27";"addyosmani";"Perl";"3";"100"
"27";"addyosmani";"PHP";"2";"100"
"27";"addyosmani";"Objective-C";"1";"100"
"27";"addyosmani";"Java";"1";"100"
"27";"addyosmani";"Groovy";"1";"100"
"28";"mafintosh";"JavaScript";"6769";"1"
"28";"mafintosh";"Shell";"336";"26"
"28";"mafintosh";"CSS";"66";"100"
"28";"mafintosh";"C++";"38";"100"
"28";"mafintosh";"C";"26";"100"
"28";"mafintosh";"Ruby";"17";"100"
"28";"mafintosh";"Perl";"9";"100"
"28";"mafintosh";"Go";"8";"100"
"28";"mafintosh";"CoffeeScript";"4";"100"
"28";"mafintosh";"PowerShell";"3";"100"
"28";"mafintosh";"Objective-C";"3";"100"
"28";"mafintosh";"R";"2";"100"
"28";"mafintosh";"Python";"2";"100"
"28";"mafintosh";"OCaml";"2";"100"
"28";"mafintosh";"C#";"1";"100"
"29";"balupton";"CoffeeScript";"7121";"1"
"29";"balupton";"JavaScript";"1700";"9"
"29";"balupton";"Perl";"484";"25"
"29";"balupton";"Ruby";"461";"25"
"29";"balupton";"CSS";"282";"49"
"29";"balupton";"Python";"144";"100"
"29";"balupton";"Shell";"128";"92"
"29";"balupton";"Objective-C";"28";"100"
"29";"balupton";"PHP";"25";"100"
"29";"balupton";"C++";"18";"100"
"29";"balupton";"C";"18";"100"
"29";"balupton";"Java";"10";"100"
"29";"balupton";"Go";"9";"100"
"29";"balupton";"C#";"7";"100"
"29";"balupton";"TypeScript";"2";"100"
"29";"balupton";"TeX";"2";"100"
"29";"balupton";"Racket";"2";"100"
"29";"balupton";"Clojure";"2";"100"
"29";"balupton";"VimL";"1";"100"
"29";"balupton";"Vala";"1";"100"
"29";"balupton";"Swift";"1";"100"
"29";"balupton";"Prolog";"1";"100"
"29";"balupton";"PowerShell";"1";"100"
"29";"balupton";"Objective-C++";"1";"100"
"29";"balupton";"LiveScript";"1";"100"
"29";"balupton";"Groovy";"1";"100"
"29";"balupton";"Arduino";"1";"100"
"29";"balupton";"ActionScript";"1";"100"
"30";"samdark";"PHP";"13994";"1"
"30";"samdark";"JavaScript";"333";"73"
"30";"samdark";"Java";"32";"100"
"30";"samdark";"Perl";"18";"100"
"30";"samdark";"Ruby";"11";"100"
"30";"samdark";"Python";"10";"100"
"30";"samdark";"CSS";"10";"100"
"30";"samdark";"C";"5";"100"
"30";"samdark";"Shell";"1";"100"
"30";"samdark";"C++";"1";"100"
"31";"weaverryan";"Lasso";"4072";"1"
"31";"weaverryan";"Assembly";"1470";"2"
"31";"weaverryan";"PHP";"1220";"14"
"31";"weaverryan";"Python";"1073";"11"
"31";"weaverryan";"CSS";"770";"5"
"31";"weaverryan";"JavaScript";"20";"100"
"31";"weaverryan";"C#";"1";"100"
"32";"remy";"JavaScript";"8114";"1"
"32";"remy";"CSS";"906";"3"
"32";"remy";"PHP";"306";"35"
"32";"remy";"C";"68";"100"
"32";"remy";"Ruby";"53";"100"
"32";"remy";"Java";"34";"100"
"32";"remy";"Shell";"19";"100"
"32";"remy";"C++";"7";"100"
"32";"remy";"Python";"6";"100"
"32";"remy";"CoffeeScript";"6";"100"
"32";"remy";"ASP";"6";"100"
"32";"remy";"Objective-C";"4";"100"
"32";"remy";"VimL";"2";"100"
"32";"remy";"Go";"2";"100"
"32";"remy";"Perl";"1";"100"
"32";"remy";"C#";"1";"100"
"33";"c9s";"PHP";"4735";"1"
"33";"c9s";"C";"1732";"5"
"33";"c9s";"Go";"593";"25"
"33";"c9s";"JavaScript";"247";"60"
"33";"c9s";"Shell";"217";"60"
"33";"c9s";"Haskell";"183";"60"
"33";"c9s";"C++";"151";"100"
"33";"c9s";"Perl";"72";"100"
"33";"c9s";"CoffeeScript";"42";"100"
"33";"c9s";"Objective-C";"41";"100"
"33";"c9s";"VimL";"39";"100"
"33";"c9s";"Ruby";"32";"100"
"33";"c9s";"Python";"20";"100"
"33";"c9s";"CSS";"11";"100"
"33";"c9s";"Java";"8";"100"
"33";"c9s";"LiveScript";"6";"100"
"33";"c9s";"Puppet";"4";"100"
"33";"c9s";"Erlang";"3";"100"
"33";"c9s";"Rust";"2";"100"
"33";"c9s";"Scheme";"1";"100"
"33";"c9s";"Scala";"1";"100"
"33";"c9s";"Groovy";"1";"100"
"33";"c9s";"C#";"1";"100"
"33";"c9s";"Assembly";"1";"100"
"34";"zenorocha";"JavaScript";"7631";"1"
"34";"zenorocha";"CSS";"2331";"1"
"34";"zenorocha";"CoffeeScript";"979";"10"
"34";"zenorocha";"PHP";"210";"71"
"34";"zenorocha";"VimL";"51";"100"
"34";"zenorocha";"Shell";"45";"100"
"34";"zenorocha";"Java";"37";"100"
"34";"zenorocha";"Python";"35";"100"
"34";"zenorocha";"Ruby";"32";"100"
"34";"zenorocha";"Perl";"16";"100"
"34";"zenorocha";"C";"8";"100"
"34";"zenorocha";"Objective-C";"5";"100"
"34";"zenorocha";"C++";"4";"100"
"34";"zenorocha";"AppleScript";"3";"100"
"34";"zenorocha";"OCaml";"1";"100"
"34";"zenorocha";"Go";"1";"100"
"35";"dominictarr";"JavaScript";"7541";"1"
"35";"dominictarr";"CSS";"272";"100"
"35";"dominictarr";"Shell";"113";"100"
"35";"dominictarr";"C++";"79";"100"
"35";"dominictarr";"CoffeeScript";"26";"100"
"35";"dominictarr";"DOT";"13";"100"
"35";"dominictarr";"Python";"12";"100"
"35";"dominictarr";"Go";"11";"100"
"35";"dominictarr";"TeX";"7";"100"
"35";"dominictarr";"C";"7";"100"
"35";"dominictarr";"Objective-C";"2";"100"
"35";"dominictarr";"Ruby";"1";"100"
"35";"dominictarr";"PHP";"1";"100"
"35";"dominictarr";"Java";"1";"100"
"36";"bergie";"CoffeeScript";"3844";"1"
"36";"bergie";"JavaScript";"1280";"6"
"36";"bergie";"CSS";"577";"8"
"36";"bergie";"C++";"33";"100"
"36";"bergie";"PHP";"30";"100"
"36";"bergie";"VimL";"15";"100"
"36";"bergie";"C";"13";"100"
"36";"bergie";"Go";"8";"100"
"36";"bergie";"Shell";"5";"100"
"36";"bergie";"Objective-C";"4";"100"
"36";"bergie";"Dart";"3";"100"
"36";"bergie";"Ruby";"2";"100"
"36";"bergie";"Java";"2";"100"
"36";"bergie";"Python";"1";"100"
"37";"visionmedia";"JavaScript";"12640";"1"
"37";"visionmedia";"Go";"859";"19"
"37";"visionmedia";"C";"352";"60"
"37";"visionmedia";"Shell";"329";"38"
"37";"visionmedia";"CSS";"139";"100"
"37";"visionmedia";"C++";"126";"100"
"37";"visionmedia";"CoffeeScript";"63";"100"
"37";"visionmedia";"Python";"21";"100"
"37";"visionmedia";"Ruby";"14";"100"
"37";"visionmedia";"Rust";"13";"100"
"37";"visionmedia";"PHP";"6";"100"
"37";"visionmedia";"Kotlin";"6";"100"
"37";"visionmedia";"Objective-C";"4";"100"
"37";"visionmedia";"XML";"1";"100"
"37";"visionmedia";"VimL";"1";"100"
"37";"visionmedia";"Scala";"1";"100"
"37";"visionmedia";"Perl";"1";"100"
"37";"visionmedia";"Lua";"1";"100"
"37";"visionmedia";"Java";"1";"100"
"37";"visionmedia";"Assembly";"1";"100"
"38";"pippinsplugins";"PHP";"14917";"1"
"38";"pippinsplugins";"CSS";"203";"75"
"38";"pippinsplugins";"JavaScript";"104";"100"
"38";"pippinsplugins";"Shell";"29";"100"
"38";"pippinsplugins";"Python";"3";"100"
"38";"pippinsplugins";"Ruby";"2";"100"
"38";"pippinsplugins";"Go";"1";"100"
"39";"kripken";"JavaScript";"6341";"1"
"39";"kripken";"C";"5835";"1"
"39";"kripken";"C++";"1079";"7"
"39";"kripken";"Java";"21";"100"
"39";"kripken";"TeX";"12";"100"
"39";"kripken";"Python";"3";"100"
"39";"kripken";"CoffeeScript";"3";"100"
"39";"kripken";"Ruby";"1";"100"
"40";"josevalim";"Elixir";"11961";"1"
"40";"josevalim";"Ruby";"3199";"3"
"40";"josevalim";"JavaScript";"836";"9"
"40";"josevalim";"CSS";"338";"28"
"40";"josevalim";"Erlang";"191";"100"
"40";"josevalim";"C";"23";"100"
"40";"josevalim";"VimL";"6";"100"
"40";"josevalim";"CoffeeScript";"6";"100"
"40";"josevalim";"Shell";"5";"100"
"40";"josevalim";"Python";"5";"100"
"40";"josevalim";"Emacs Lisp";"4";"100"
"40";"josevalim";"Scala";"3";"100"
"40";"josevalim";"PowerShell";"2";"100"
"40";"josevalim";"Perl";"2";"100"
"40";"josevalim";"Julia";"2";"100"
"40";"josevalim";"Go";"2";"100"
"41";"kohsuke";"Java";"4912";"1"
"41";"kohsuke";"Puppet";"199";"52"
"41";"kohsuke";"C";"133";"100"
"41";"kohsuke";"Groovy";"106";"100"
"41";"kohsuke";"C#";"96";"100"
"41";"kohsuke";"Ruby";"77";"100"
"41";"kohsuke";"JavaScript";"55";"100"
"41";"kohsuke";"Shell";"39";"100"
"41";"kohsuke";"Python";"23";"100"
"41";"kohsuke";"CSS";"8";"100"
"41";"kohsuke";"Go";"5";"100"
"41";"kohsuke";"Objective-C";"4";"100"
"41";"kohsuke";"AGS Script";"4";"100"
"41";"kohsuke";"C++";"2";"100"
"41";"kohsuke";"PHP";"1";"100"
"42";"mrmrs";"CSS";"3322";"1"
"42";"mrmrs";"JavaScript";"471";"25"
"42";"mrmrs";"Ruby";"232";"43"
"42";"mrmrs";"CoffeeScript";"23";"100"
"42";"mrmrs";"Python";"11";"100"
"42";"mrmrs";"VimL";"8";"100"
"42";"mrmrs";"Shell";"5";"100"
"42";"mrmrs";"Java";"4";"100"
"42";"mrmrs";"PHP";"1";"100"
"42";"mrmrs";"Objective-C";"1";"100"
"43";"Raynos";"JavaScript";"10467";"1"
"43";"Raynos";"Shell";"124";"94"
"43";"Raynos";"PHP";"100";"100"
"43";"Raynos";"CSS";"81";"100"
"43";"Raynos";"Python";"63";"100"
"43";"Raynos";"OCaml";"50";"100"
"43";"Raynos";"Haskell";"38";"100"
"43";"Raynos";"C++";"33";"100"
"43";"Raynos";"Clojure";"16";"100"
"43";"Raynos";"Ruby";"13";"100"
"43";"Raynos";"C#";"12";"100"
"43";"Raynos";"CoffeeScript";"10";"100"
"43";"Raynos";"ActionScript";"9";"100"
"43";"Raynos";"C";"5";"100"
"43";"Raynos";"Perl";"4";"100"
"43";"Raynos";"TeX";"1";"100"
"43";"Raynos";"Java";"1";"100"
"43";"Raynos";"Go";"1";"100"
"44";"dg";"PHP";"8909";"1"
"44";"dg";"JavaScript";"126";"100"
"44";"dg";"CSS";"85";"100"
"44";"dg";"Java";"6";"100"
"44";"dg";"CoffeeScript";"4";"100"
"44";"dg";"Clojure";"3";"100"
"44";"dg";"Python";"1";"100"
"44";"dg";"C";"1";"100"
"45";"ekmett";"Haskell";"7935";"1"
"45";"ekmett";"C";"162";"64"
"45";"ekmett";"JavaScript";"92";"100"
"45";"ekmett";"Coq";"65";"100"
"45";"ekmett";"Shell";"18";"100"
"45";"ekmett";"Ruby";"13";"100"
"45";"ekmett";"C++";"12";"100"
"45";"ekmett";"Scheme";"6";"100"
"45";"ekmett";"VimL";"5";"100"
"45";"ekmett";"CSS";"5";"100"
"45";"ekmett";"Scala";"4";"100"
"45";"ekmett";"Java";"2";"100"
"45";"ekmett";"TeX";"1";"100"
"45";"ekmett";"Python";"1";"100"
"45";"ekmett";"Julia";"1";"100"
"46";"sferik";"Ruby";"9463";"1"
"46";"sferik";"Shell";"532";"26"
"46";"sferik";"Java";"76";"100"
"46";"sferik";"C";"67";"100"
"46";"sferik";"CSS";"47";"100"
"46";"sferik";"JavaScript";"31";"100"
"46";"sferik";"Crystal";"30";"100"
"46";"sferik";"Python";"23";"100"
"46";"sferik";"CoffeeScript";"17";"100"
"46";"sferik";"Go";"14";"100"
"46";"sferik";"Perl";"8";"100"
"46";"sferik";"C++";"4";"100"
"46";"sferik";"VimL";"2";"100"
"46";"sferik";"Objective-C";"1";"100"
"46";"sferik";"Erlang";"1";"100"
"47";"rafaelfranca";"Ruby";"18320";"1"
"47";"rafaelfranca";"CSS";"131";"100"
"47";"rafaelfranca";"JavaScript";"127";"100"
"47";"rafaelfranca";"Puppet";"119";"100"
"47";"rafaelfranca";"Elixir";"69";"100"
"47";"rafaelfranca";"Shell";"68";"100"
"47";"rafaelfranca";"VimL";"33";"100"
"47";"rafaelfranca";"Objective-C";"20";"100"
"47";"rafaelfranca";"CoffeeScript";"10";"100"
"47";"rafaelfranca";"Perl";"6";"100"
"47";"rafaelfranca";"Java";"5";"100"
"47";"rafaelfranca";"Erlang";"4";"100"
"47";"rafaelfranca";"Python";"1";"100"
"48";"evancz";"Haskell";"4056";"2"
"48";"evancz";"JavaScript";"1405";"5"
"48";"evancz";"Elm";"1246";"1"
"48";"evancz";"CSS";"88";"100"
"48";"evancz";"Shell";"75";"100"
"48";"evancz";"Python";"33";"100"
"48";"evancz";"Emacs Lisp";"7";"100"
"48";"evancz";"VimL";"1";"100"
"48";"evancz";"Java";"1";"100"
"48";"evancz";"Groovy";"1";"100"
"49";"mathiasbynens";"JavaScript";"5942";"1"
"49";"mathiasbynens";"Python";"930";"10"
"49";"mathiasbynens";"PHP";"563";"30"
"49";"mathiasbynens";"VimL";"442";"19"
"49";"mathiasbynens";"Ruby";"202";"100"
"49";"mathiasbynens";"CSS";"185";"100"
"49";"mathiasbynens";"CoffeeScript";"87";"100"
"49";"mathiasbynens";"Shell";"81";"100"
"49";"mathiasbynens";"C";"63";"100"
"49";"mathiasbynens";"C++";"55";"100"
"49";"mathiasbynens";"Java";"53";"100"
"49";"mathiasbynens";"Objective-C";"28";"100"
"49";"mathiasbynens";"Lua";"11";"100"
"49";"mathiasbynens";"Perl";"7";"100"
"49";"mathiasbynens";"Clojure";"7";"100"
"49";"mathiasbynens";"Go";"5";"100"
"49";"mathiasbynens";"D";"5";"100"
"49";"mathiasbynens";"LiveScript";"4";"100"
"49";"mathiasbynens";"Haskell";"4";"100"
"49";"mathiasbynens";"XSLT";"3";"100"
"49";"mathiasbynens";"XML";"3";"100"
"49";"mathiasbynens";"Inform 7";"2";"100"
"49";"mathiasbynens";"Scala";"1";"100"
"49";"mathiasbynens";"Rust";"1";"100"
"49";"mathiasbynens";"C#";"1";"100"
"49";"mathiasbynens";"ActionScript";"1";"100"
"50";"zcbenz";"C++";"2881";"2"
"50";"zcbenz";"Python";"692";"17"
"50";"zcbenz";"CoffeeScript";"620";"23"
"50";"zcbenz";"JavaScript";"309";"48"
"50";"zcbenz";"C";"61";"100"
"50";"zcbenz";"VimL";"51";"100"
"50";"zcbenz";"Shell";"42";"100"
"50";"zcbenz";"Objective-C";"20";"100"
"50";"zcbenz";"Perl";"10";"100"
"50";"zcbenz";"Ruby";"6";"100"
"50";"zcbenz";"Objective-C++";"3";"100"
"50";"zcbenz";"AutoHotkey";"3";"100"
"50";"zcbenz";"OCaml";"1";"100"
"50";"zcbenz";"Go";"1";"100"
"50";"zcbenz";"CSS";"1";"100"
"51";"swannodette";"Clojure";"4061";"1"
"51";"swannodette";"JavaScript";"1351";"6"
"51";"swannodette";"Ruby";"107";"100"
"51";"swannodette";"Scheme";"44";"100"
"51";"swannodette";"CSS";"39";"100"
"51";"swannodette";"Emacs Lisp";"22";"100"
"51";"swannodette";"Java";"12";"100"
"51";"swannodette";"Python";"8";"100"
"51";"swannodette";"Objective-C";"6";"100"
"51";"swannodette";"Haskell";"4";"100"
"51";"swannodette";"C";"4";"100"
"51";"swannodette";"Scala";"3";"100"
"51";"swannodette";"C++";"3";"100"
"51";"swannodette";"OCaml";"2";"100"
"51";"swannodette";"Standard ML";"1";"100"
"51";"swannodette";"Shell";"1";"100"
"51";"swannodette";"Racket";"1";"100"
"51";"swannodette";"Matlab";"1";"100"
"51";"swannodette";"Mathematica";"1";"100"
"51";"swannodette";"Go";"1";"100"
"51";"swannodette";"Dart";"1";"100"
"52";"Ocramius";"PHP";"17784";"1"
"52";"Ocramius";"JavaScript";"341";"56"
"52";"Ocramius";"Python";"296";"62"
"52";"Ocramius";"CSS";"253";"65"
"52";"Ocramius";"C++";"114";"100"
"52";"Ocramius";"Ruby";"111";"100"
"52";"Ocramius";"C";"33";"100"
"52";"Ocramius";"Lasso";"10";"100"
"52";"Ocramius";"CoffeeScript";"7";"100"
"52";"Ocramius";"Shell";"3";"100"
"52";"Ocramius";"Scala";"2";"100"
"52";"Ocramius";"Puppet";"2";"100"
"52";"Ocramius";"Java";"2";"100"
"52";"Ocramius";"Vala";"1";"100"
"53";"FooBarWidget";"C++";"10027";"1"
"53";"FooBarWidget";"Ruby";"934";"8"
"53";"FooBarWidget";"Shell";"711";"12"
"53";"FooBarWidget";"Python";"463";"34"
"53";"FooBarWidget";"C";"88";"100"
"53";"FooBarWidget";"Perl";"71";"100"
"53";"FooBarWidget";"JavaScript";"48";"100"
"53";"FooBarWidget";"Objective-C";"41";"100"
"53";"FooBarWidget";"CSS";"32";"100"
"53";"FooBarWidget";"Go";"26";"100"
"53";"FooBarWidget";"Java";"1";"100"
"53";"FooBarWidget";"CoffeeScript";"1";"100"
"54";"indutny";"JavaScript";"11211";"1"
"54";"indutny";"C";"3016";"4"
"54";"indutny";"Rust";"204";"62"
"54";"indutny";"C++";"190";"100"
"54";"indutny";"Objective-C";"89";"100"
"54";"indutny";"CSS";"63";"100"
"54";"indutny";"Python";"23";"100"
"54";"indutny";"Java";"19";"100"
"54";"indutny";"Erlang";"18";"100"
"54";"indutny";"VimL";"11";"100"
"54";"indutny";"Shell";"6";"100"
"54";"indutny";"Go";"1";"100"
"54";"indutny";"CoffeeScript";"1";"100"
"55";"mythz";"C#";"7586";"1"
"55";"mythz";"JavaScript";"495";"17"
"55";"mythz";"Dart";"286";"61"
"55";"mythz";"SQL";"46";"100"
"55";"mythz";"Clojure";"42";"100"
"55";"mythz";"Swift";"32";"100"
"55";"mythz";"C++";"32";"100"
"55";"mythz";"D";"31";"100"
"55";"mythz";"Python";"9";"100"
"55";"mythz";"Ruby";"3";"100"
"55";"mythz";"Go";"3";"100"
"55";"mythz";"F#";"3";"100"
"55";"mythz";"Java";"2";"100"
"55";"mythz";"CSS";"2";"100"
"55";"mythz";"C";"2";"100"
"55";"mythz";"PowerShell";"1";"100"
"55";"mythz";"Objective-C";"1";"100"
"56";"roojs";"JavaScript";"334";"1"
"56";"roojs";"PHP";"132";"2"
"56";"roojs";"C";"1";"100"
"57";"creationix";"JavaScript";"4226";"1"
"57";"creationix";"C";"1110";"9"
"57";"creationix";"Lua";"352";"39"
"57";"creationix";"Shell";"149";"100"
"57";"creationix";"CSS";"41";"100"
"57";"creationix";"C++";"28";"100"
"57";"creationix";"Perl";"6";"100"
"57";"creationix";"VimL";"5";"100"
"57";"creationix";"Python";"3";"100"
"57";"creationix";"Ruby";"2";"100"
"57";"creationix";"Rust";"1";"100"
"57";"creationix";"PHP";"1";"100"
"57";"creationix";"Objective-C";"1";"100"
"57";"creationix";"Go";"1";"100"
"57";"creationix";"Assembly";"1";"100"
"58";"jamesward";"JavaScript";"3608";"1"
"58";"jamesward";"Scala";"2962";"4"
"58";"jamesward";"Java";"575";"25"
"58";"jamesward";"Shell";"309";"36"
"58";"jamesward";"CSS";"100";"100"
"58";"jamesward";"Groovy";"22";"100"
"58";"jamesward";"C#";"5";"100"
"58";"jamesward";"Clojure";"4";"100"
"58";"jamesward";"C";"3";"100"
"58";"jamesward";"PHP";"2";"100"
"58";"jamesward";"CoffeeScript";"1";"100"
"59";"titanous";"Go";"6718";"1"
"59";"titanous";"Ruby";"942";"11"
"59";"titanous";"Shell";"461";"31"
"59";"titanous";"JavaScript";"199";"87"
"59";"titanous";"CSS";"69";"100"
"59";"titanous";"C";"53";"100"
"59";"titanous";"Python";"51";"100"
"59";"titanous";"Objective-C";"33";"100"
"59";"titanous";"C++";"29";"100"
"59";"titanous";"Nix";"16";"100"
"59";"titanous";"CoffeeScript";"13";"100"
"59";"titanous";"Java";"10";"100"
"59";"titanous";"Erlang";"8";"100"
"59";"titanous";"Clojure";"3";"100"
"59";"titanous";"Scala";"2";"100"
"59";"titanous";"Rust";"2";"100"
"59";"titanous";"Makefile";"2";"100"
"59";"titanous";"VimL";"1";"100"
"59";"titanous";"PHP";"1";"100"
"59";"titanous";"ActionScript";"1";"100"
"60";"snoyberg";"Haskell";"11382";"1"
"60";"snoyberg";"C";"860";"21"
"60";"snoyberg";"CSS";"158";"100"
"60";"snoyberg";"PHP";"92";"100"
"60";"snoyberg";"JavaScript";"12";"100"
"60";"snoyberg";"Shell";"11";"100"
"60";"snoyberg";"VimL";"1";"100"
"61";"mattn";"Go";"3594";"2"
"61";"mattn";"C";"2683";"4"
"61";"mattn";"VimL";"2109";"2"
"61";"mattn";"JavaScript";"1551";"99"
"61";"mattn";"Ruby";"646";"18"
"61";"mattn";"Perl";"237";"90"
"61";"mattn";"CSS";"198";"96"
"61";"mattn";"C++";"114";"100"
"61";"mattn";"Python";"59";"100"
"61";"mattn";"Shell";"54";"100"
"61";"mattn";"Java";"24";"100"
"61";"mattn";"Bison";"16";"100"
"61";"mattn";"C#";"13";"100"
"61";"mattn";"Clojure";"12";"100"
"61";"mattn";"CoffeeScript";"7";"100"
"61";"mattn";"Vala";"1";"100"
"61";"mattn";"TypeScript";"1";"100"
"61";"mattn";"Scheme";"1";"100"
"61";"mattn";"Scala";"1";"100"
"61";"mattn";"PHP";"1";"100"
"61";"mattn";"Erlang";"1";"100"
"61";"mattn";"Emacs Lisp";"1";"100"
"61";"mattn";"Common Lisp";"1";"100"
"61";"mattn";"Assembly";"1";"100"
"62";"markstory";"PHP";"16043";"1"
"62";"markstory";"CSS";"2923";"1"
"62";"markstory";"Python";"602";"20"
"62";"markstory";"JavaScript";"539";"27"
"62";"markstory";"CoffeeScript";"198";"100"
"62";"markstory";"Makefile";"160";"100"
"62";"markstory";"VimL";"35";"100"
"62";"markstory";"Go";"31";"100"
"62";"markstory";"Shell";"22";"100"
"62";"markstory";"Ruby";"6";"100"
"62";"markstory";"C";"5";"100"
"62";"markstory";"Puppet";"4";"100"
"62";"markstory";"C++";"3";"100"
"62";"markstory";"Objective-C";"1";"100"
"63";"rstacruz";"JavaScript";"2548";"2"
"63";"rstacruz";"CSS";"679";"5"
"63";"rstacruz";"Ruby";"546";"24"
"63";"rstacruz";"CoffeeScript";"317";"39"
"63";"rstacruz";"VimL";"89";"100"
"63";"rstacruz";"Python";"50";"100"
"63";"rstacruz";"Shell";"28";"100"
"63";"rstacruz";"Objective-C";"3";"100"
"63";"rstacruz";"Go";"3";"100"
"63";"rstacruz";"Swift";"1";"100"
"63";"rstacruz";"Perl";"1";"100"
"63";"rstacruz";"Java";"1";"100"
"63";"rstacruz";"C++";"1";"100"
"63";"rstacruz";"C";"1";"100"
"64";"tokuhirom";"Perl";"4977";"1"
"64";"tokuhirom";"Java";"1181";"6"
"64";"tokuhirom";"C";"573";"20"
"64";"tokuhirom";"CSS";"295";"18"
"64";"tokuhirom";"JavaScript";"201";"66"
"64";"tokuhirom";"C++";"101";"100"
"64";"tokuhirom";"Shell";"99";"100"
"64";"tokuhirom";"Ruby";"68";"100"
"64";"tokuhirom";"Go";"19";"100"
"64";"tokuhirom";"Perl6";"14";"100"
"64";"tokuhirom";"VimL";"11";"100"
"64";"tokuhirom";"Python";"7";"100"
"64";"tokuhirom";"Objective-C";"6";"100"
"64";"tokuhirom";"Emacs Lisp";"6";"100"
"64";"tokuhirom";"Scheme";"2";"100"
"64";"tokuhirom";"Racket";"2";"100"
"64";"tokuhirom";"CoffeeScript";"2";"100"
"64";"tokuhirom";"Clojure";"2";"100"
"64";"tokuhirom";"Scala";"1";"100"
"64";"tokuhirom";"Parrot";"1";"100"
"64";"tokuhirom";"Common Lisp";"1";"100"
"64";"tokuhirom";"C#";"1";"100"
"64";"tokuhirom";"Bison";"1";"100"
"64";"tokuhirom";"ActionScript";"1";"100"
"65";"bbatsov";"Emacs Lisp";"8106";"1"
"65";"bbatsov";"Ruby";"5853";"1"
"65";"bbatsov";"Clojure";"626";"29"
"65";"bbatsov";"JavaScript";"445";"16"
"65";"bbatsov";"Common Lisp";"16";"100"
"65";"bbatsov";"VimL";"5";"100"
"65";"bbatsov";"Objective-C";"2";"100"
"65";"bbatsov";"Java";"2";"100"
"65";"bbatsov";"Shell";"1";"100"
"65";"bbatsov";"Python";"1";"100"
"65";"bbatsov";"Nix";"1";"100"
"65";"bbatsov";"C";"1";"100"
"66";"probablycorey";"CoffeeScript";"1886";"4"
"66";"probablycorey";"JavaScript";"113";"100"
"66";"probablycorey";"CSS";"40";"100"
"66";"probablycorey";"C++";"33";"100"
"66";"probablycorey";"C";"7";"100"
"66";"probablycorey";"Shell";"6";"100"
"66";"probablycorey";"Ruby";"5";"100"
"66";"probablycorey";"Objective-C";"5";"100"
"66";"probablycorey";"Python";"2";"100"
"66";"probablycorey";"PowerShell";"2";"100"
"66";"probablycorey";"Perl";"1";"100"
"66";"probablycorey";"Java";"1";"100"
"67";"alex";"Python";"10098";"1"
"67";"alex";"Ruby";"259";"66"
"67";"alex";"C";"239";"80"
"67";"alex";"CSS";"186";"57"
"67";"alex";"Go";"93";"100"
"67";"alex";"JavaScript";"78";"100"
"67";"alex";"Shell";"30";"100"
"67";"alex";"Rust";"21";"100"
"67";"alex";"Java";"10";"100"
"67";"alex";"TeX";"5";"100"
"67";"alex";"C++";"5";"100"
"67";"alex";"CoffeeScript";"3";"100"
"67";"alex";"Lua";"2";"100"
"67";"alex";"Scheme";"1";"100"
"67";"alex";"Clojure";"1";"100"
"68";"ianstormtaylor";"JavaScript";"5918";"1"
"68";"ianstormtaylor";"CSS";"696";"10"
"68";"ianstormtaylor";"PHP";"120";"100"
"68";"ianstormtaylor";"Objective-C";"23";"100"
"68";"ianstormtaylor";"Java";"21";"100"
"68";"ianstormtaylor";"Ruby";"18";"100"
"68";"ianstormtaylor";"Python";"14";"100"
"68";"ianstormtaylor";"Shell";"11";"100"
"68";"ianstormtaylor";"CoffeeScript";"10";"100"
"68";"ianstormtaylor";"C++";"8";"100"
"68";"ianstormtaylor";"Gosu";"6";"100"
"68";"ianstormtaylor";"Go";"4";"100"
"68";"ianstormtaylor";"C#";"4";"100"
"68";"ianstormtaylor";"C";"4";"100"
"68";"ianstormtaylor";"Clojure";"3";"100"
"68";"ianstormtaylor";"VimL";"1";"100"
"68";"ianstormtaylor";"OCaml";"1";"100"
"68";"ianstormtaylor";"Haskell";"1";"100"
"69";"r7kamura";"Ruby";"3294";"1"
"69";"r7kamura";"JavaScript";"356";"27"
"69";"r7kamura";"CSS";"264";"25"
"69";"r7kamura";"Go";"132";"100"
"69";"r7kamura";"CoffeeScript";"34";"100"
"69";"r7kamura";"VimL";"29";"100"
"69";"r7kamura";"DOT";"5";"100"
"69";"r7kamura";"Perl";"3";"100"
"69";"r7kamura";"C++";"2";"100"
"69";"r7kamura";"Shell";"1";"100"
"69";"r7kamura";"PHP";"1";"100"
"69";"r7kamura";"Java";"1";"100"
"69";"r7kamura";"C";"1";"100"
"70";"TooTallNate";"JavaScript";"5819";"1"
"70";"TooTallNate";"C++";"480";"37"
"70";"TooTallNate";"Python";"462";"42"
"70";"TooTallNate";"CoffeeScript";"46";"100"
"70";"TooTallNate";"TypeScript";"40";"100"
"70";"TooTallNate";"C";"36";"100"
"70";"TooTallNate";"CSS";"29";"100"
"70";"TooTallNate";"Shell";"20";"100"
"70";"TooTallNate";"Ruby";"7";"100"
"70";"TooTallNate";"VimL";"6";"100"
"70";"TooTallNate";"Objective-C";"3";"100"
"70";"TooTallNate";"PHP";"2";"100"
"70";"TooTallNate";"Assembly";"2";"100"
"70";"TooTallNate";"Java";"1";"100"
"70";"TooTallNate";"AppleScript";"1";"100"
"70";"TooTallNate";"ActionScript";"1";"100"
"71";"jwiegley";"Haskell";"1804";"3"
"71";"jwiegley";"Shell";"719";"20"
"71";"jwiegley";"Emacs Lisp";"593";"15"
"71";"jwiegley";"Coq";"358";"23"
"71";"jwiegley";"Nix";"331";"56"
"71";"jwiegley";"C++";"276";"45"
"71";"jwiegley";"C";"115";"100"
"71";"jwiegley";"JavaScript";"32";"100"
"71";"jwiegley";"TeX";"21";"100"
"71";"jwiegley";"Python";"18";"100"
"71";"jwiegley";"Ruby";"15";"100"
"71";"jwiegley";"Common Lisp";"13";"100"
"71";"jwiegley";"VimL";"9";"100"
"71";"jwiegley";"CSS";"9";"100"
"71";"jwiegley";"Agda";"4";"100"
"71";"jwiegley";"Perl";"2";"100"
"72";"ErisDS";"JavaScript";"11466";"1"
"72";"ErisDS";"CSS";"314";"65"
"72";"ErisDS";"Shell";"40";"100"
"72";"ErisDS";"Puppet";"40";"100"
"72";"ErisDS";"Perl";"36";"100"
"72";"ErisDS";"CoffeeScript";"23";"100"
"72";"ErisDS";"Ruby";"16";"100"
"72";"ErisDS";"PHP";"3";"100"
"72";"ErisDS";"Python";"1";"100"
"72";"ErisDS";"Objective-C";"1";"100"
"72";"ErisDS";"C";"1";"100"
"73";"maxogden";"JavaScript";"6599";"1"
"73";"maxogden";"CSS";"588";"9"
"73";"maxogden";"Shell";"57";"100"
"73";"maxogden";"C++";"49";"100"
"73";"maxogden";"CoffeeScript";"48";"100"
"73";"maxogden";"Python";"38";"100"
"73";"maxogden";"Ruby";"32";"100"
"73";"maxogden";"R";"13";"100"
"73";"maxogden";"C";"10";"100"
"73";"maxogden";"PHP";"8";"100"
"73";"maxogden";"Java";"8";"100"
"73";"maxogden";"Go";"3";"100"
"73";"maxogden";"C#";"2";"100"
"73";"maxogden";"Scala";"1";"100"
"73";"maxogden";"Perl";"1";"100"
"73";"maxogden";"Objective-C";"1";"100"
"73";"maxogden";"Lua";"1";"100"
"73";"maxogden";"LiveScript";"1";"100"
"73";"maxogden";"Gosu";"1";"100"
"73";"maxogden";"Erlang";"1";"100"
"73";"maxogden";"Clojure";"1";"100"
"74";"jordansissel";"Ruby";"7085";"1"
"74";"jordansissel";"C";"491";"45"
"74";"jordansissel";"JavaScript";"254";"43"
"74";"jordansissel";"Go";"175";"100"
"74";"jordansissel";"VimL";"59";"100"
"74";"jordansissel";"Java";"58";"100"
"74";"jordansissel";"Shell";"47";"100"
"74";"jordansissel";"Python";"44";"100"
"74";"jordansissel";"CSS";"19";"100"
"74";"jordansissel";"Puppet";"9";"100"
"74";"jordansissel";"Scheme";"4";"100"
"74";"jordansissel";"CoffeeScript";"1";"100"
"75";"ingydotnet";"Perl";"4108";"2"
"75";"ingydotnet";"Shell";"1360";"5"
"75";"ingydotnet";"Ruby";"181";"93"
"75";"ingydotnet";"C";"119";"100"
"75";"ingydotnet";"JavaScript";"112";"100"
"75";"ingydotnet";"Racket";"69";"100"
"75";"ingydotnet";"Python";"58";"100"
"75";"ingydotnet";"CSS";"38";"100"
"75";"ingydotnet";"CoffeeScript";"32";"100"
"75";"ingydotnet";"VimL";"16";"100"
"75";"ingydotnet";"Go";"15";"100"
"75";"ingydotnet";"PHP";"13";"100"
"75";"ingydotnet";"Java";"8";"100"
"75";"ingydotnet";"C++";"7";"100"
"75";"ingydotnet";"LiveScript";"6";"100"
"75";"ingydotnet";"Objective-C";"4";"100"
"75";"ingydotnet";"Tcl";"1";"100"
"75";"ingydotnet";"Parrot";"1";"100"
"75";"ingydotnet";"Makefile";"1";"100"
"75";"ingydotnet";"Assembly";"1";"100"
"76";"julycoding";"C";"3065";"2"
"76";"julycoding";"C++";"126";"100"
"76";"julycoding";"TeX";"6";"100"
"76";"julycoding";"Go";"2";"100"
"76";"julycoding";"Python";"1";"100"
"77";"jeromeetienne";"JavaScript";"3038";"1"
"77";"jeromeetienne";"CSS";"31";"100"
"77";"jeromeetienne";"CoffeeScript";"9";"100"
"77";"jeromeetienne";"Python";"4";"100"
"77";"jeromeetienne";"Shell";"3";"100"
"77";"jeromeetienne";"C++";"1";"100"
"78";"armon";"Go";"3353";"2"
"78";"armon";"C";"568";"26"
"78";"armon";"Erlang";"115";"95"
"78";"armon";"Python";"95";"100"
"78";"armon";"Ruby";"22";"100"
"78";"armon";"JavaScript";"22";"100"
"78";"armon";"Shell";"15";"100"
"78";"armon";"CSS";"9";"100"
"78";"armon";"VimL";"6";"100"
"78";"armon";"C++";"5";"100"
"78";"armon";"Objective-C";"3";"100"
"78";"armon";"Java";"3";"100"
"78";"armon";"Clojure";"2";"100"
"78";"armon";"Perl";"1";"100"
"78";"armon";"Lua";"1";"100"
"78";"armon";"Elixir";"1";"100"
"78";"armon";"CoffeeScript";"1";"100"
"79";"3rd-Eden";"JavaScript";"7591";"1"
"79";"3rd-Eden";"CSS";"44";"100"
"79";"3rd-Eden";"Go";"38";"100"
"79";"3rd-Eden";"Python";"37";"100"
"79";"3rd-Eden";"C";"37";"100"
"79";"3rd-Eden";"Ruby";"36";"100"
"79";"3rd-Eden";"CoffeeScript";"35";"100"
"79";"3rd-Eden";"C++";"30";"100"
"79";"3rd-Eden";"Objective-C";"25";"100"
"79";"3rd-Eden";"Shell";"23";"100"
"79";"3rd-Eden";"VimL";"20";"100"
"79";"3rd-Eden";"Java";"7";"100"
"79";"3rd-Eden";"Scala";"6";"100"
"79";"3rd-Eden";"Clojure";"4";"100"
"79";"3rd-Eden";"Lua";"3";"100"
"79";"3rd-Eden";"Swift";"2";"100"
"79";"3rd-Eden";"Puppet";"2";"100"
"79";"3rd-Eden";"Perl";"2";"100"
"79";"3rd-Eden";"PHP";"2";"100"
"79";"3rd-Eden";"TeX";"1";"100"
"79";"3rd-Eden";"Scheme";"1";"100"
"79";"3rd-Eden";"Rust";"1";"100"
"79";"3rd-Eden";"Matlab";"1";"100"
"79";"3rd-Eden";"Haskell";"1";"100"
"79";"3rd-Eden";"Erlang";"1";"100"
"79";"3rd-Eden";"DOT";"1";"100"
"79";"3rd-Eden";"Common Lisp";"1";"100"
"79";"3rd-Eden";"C#";"1";"100"
"81";"avelino";"Python";"3505";"2"
"81";"avelino";"JavaScript";"616";"18"
"81";"avelino";"Go";"294";"100"
"81";"avelino";"CSS";"223";"50"
"81";"avelino";"VimL";"125";"100"
"81";"avelino";"Shell";"113";"100"
"81";"avelino";"C";"61";"100"
"81";"avelino";"Ruby";"48";"100"
"81";"avelino";"Puppet";"48";"100"
"81";"avelino";"PHP";"43";"100"
"81";"avelino";"C++";"38";"100"
"81";"avelino";"Java";"23";"100"
"81";"avelino";"Emacs Lisp";"17";"100"
"81";"avelino";"Objective-C";"15";"100"
"81";"avelino";"Haskell";"13";"100"
"81";"avelino";"CoffeeScript";"12";"100"
"81";"avelino";"Erlang";"9";"100"
"81";"avelino";"Lua";"7";"100"
"81";"avelino";"Scala";"5";"100"
"81";"avelino";"Perl";"4";"100"
"81";"avelino";"Swift";"3";"100"
"81";"avelino";"Common Lisp";"3";"100"
"81";"avelino";"Rust";"2";"100"
"81";"avelino";"Vala";"1";"100"
"81";"avelino";"LiveScript";"1";"100"
"81";"avelino";"Clojure";"1";"100"
"82";"jgm";"Haskell";"5686";"1"
"82";"jgm";"C";"1372";"6"
"82";"jgm";"Python";"64";"100"
"82";"jgm";"Emacs Lisp";"41";"100"
"82";"jgm";"Lua";"28";"100"
"82";"jgm";"VimL";"24";"100"
"82";"jgm";"Ruby";"21";"100"
"82";"jgm";"Shell";"11";"100"
"82";"jgm";"JavaScript";"9";"100"
"82";"jgm";"TeX";"5";"100"
"82";"jgm";"Makefile";"2";"100"
"82";"jgm";"Elm";"1";"100"
"82";"jgm";"C++";"1";"100"
"83";"obviousjim";"C++";"1507";"4"
"83";"obviousjim";"C";"149";"100"
"83";"obviousjim";"CSS";"134";"84"
"83";"obviousjim";"Objective-C";"34";"100"
"83";"obviousjim";"Shell";"24";"100"
"83";"obviousjim";"ASP";"9";"100"
"83";"obviousjim";"Mercury";"6";"100"
"83";"obviousjim";"JavaScript";"6";"100"
"83";"obviousjim";"Java";"4";"100"
"83";"obviousjim";"ActionScript";"4";"100"
"83";"obviousjim";"Ruby";"1";"100"
"83";"obviousjim";"Objective-C++";"1";"100"
"84";"benbalter";"Ruby";"2689";"2"
"84";"benbalter";"CSS";"2120";"1"
"84";"benbalter";"JavaScript";"575";"22"
"84";"benbalter";"CoffeeScript";"526";"15"
"84";"benbalter";"PHP";"428";"40"
"84";"benbalter";"Shell";"182";"100"
"84";"benbalter";"Awk";"23";"100"
"84";"benbalter";"Python";"9";"100"
"84";"benbalter";"Objective-C";"9";"100"
"84";"benbalter";"C";"5";"100"
"84";"benbalter";"C#";"4";"100"
"84";"benbalter";"Perl";"2";"100"
"84";"benbalter";"Java";"2";"100"
"84";"benbalter";"XSLT";"1";"100"
"84";"benbalter";"R";"1";"100"
"84";"benbalter";"Go";"1";"100"
"84";"benbalter";"C++";"1";"100"
"85";"orta";"Ruby";"5719";"1"
"85";"orta";"Objective-C";"1936";"2"
"85";"orta";"Swift";"1177";"1"
"85";"orta";"JavaScript";"346";"35"
"85";"orta";"CSS";"222";"53"
"85";"orta";"Python";"15";"100"
"85";"orta";"C";"14";"100"
"85";"orta";"Shell";"11";"100"
"85";"orta";"CoffeeScript";"8";"100"
"85";"orta";"PHP";"3";"100"
"85";"orta";"TeX";"2";"100"
"85";"orta";"Perl";"2";"100"
"85";"orta";"C++";"2";"100"
"85";"orta";"Clojure";"1";"100"
"86";"clkao";"JavaScript";"1847";"5"
"86";"clkao";"LiveScript";"1710";"3"
"86";"clkao";"CSS";"675";"6"
"86";"clkao";"Ruby";"125";"100"
"86";"clkao";"Python";"122";"100"
"86";"clkao";"Perl";"115";"100"
"86";"clkao";"C++";"68";"100"
"86";"clkao";"CoffeeScript";"47";"100"
"86";"clkao";"C";"44";"100"
"86";"clkao";"Shell";"37";"100"
"86";"clkao";"Lua";"36";"100"
"86";"clkao";"PHP";"32";"100"
"86";"clkao";"Go";"28";"100"
"86";"clkao";"Java";"17";"100"
"86";"clkao";"Objective-C";"9";"100"
"86";"clkao";"Scala";"3";"100"
"86";"clkao";"Clojure";"3";"100"
"86";"clkao";"TeX";"2";"100"
"86";"clkao";"XML";"1";"100"
"86";"clkao";"VimL";"1";"100"
"86";"clkao";"R";"1";"100"
"86";"clkao";"Processing";"1";"100"
"86";"clkao";"Haskell";"1";"100"
"86";"clkao";"ActionScript";"1";"100"
"87";"PaulKinlan";"JavaScript";"3106";"1"
"87";"PaulKinlan";"CSS";"3020";"1"
"87";"PaulKinlan";"Python";"101";"100"
"87";"PaulKinlan";"Ruby";"53";"100"
"87";"PaulKinlan";"Objective-C";"23";"100"
"87";"PaulKinlan";"Shell";"18";"100"
"87";"PaulKinlan";"Java";"10";"100"
"87";"PaulKinlan";"Dart";"4";"100"
"87";"PaulKinlan";"C++";"4";"100"
"87";"PaulKinlan";"C";"2";"100"
"87";"PaulKinlan";"XSLT";"1";"100"
"87";"PaulKinlan";"PHP";"1";"100"
"87";"PaulKinlan";"CoffeeScript";"1";"100"
"87";"PaulKinlan";"Arduino";"1";"100"
"88";"tenderlove";"Ruby";"2537";"2"
"88";"tenderlove";"C";"305";"60"
"88";"tenderlove";"Scheme";"81";"100"
"88";"tenderlove";"C++";"36";"100"
"88";"tenderlove";"JavaScript";"30";"100"
"88";"tenderlove";"CSS";"22";"100"
"88";"tenderlove";"Objective-C";"21";"100"
"88";"tenderlove";"Java";"18";"100"
"88";"tenderlove";"Shell";"2";"100"
"88";"tenderlove";"Rust";"2";"100"
"88";"tenderlove";"PHP";"1";"100"
"88";"tenderlove";"CoffeeScript";"1";"100"
"89";"karan";"Python";"615";"20"
"89";"karan";"CSS";"465";"12"
"89";"karan";"JavaScript";"421";"36"
"89";"karan";"Java";"225";"55"
"89";"karan";"Dart";"91";"100"
"89";"karan";"CoffeeScript";"80";"100"
"89";"karan";"C++";"32";"100"
"89";"karan";"Swift";"29";"100"
"89";"karan";"VimL";"17";"100"
"89";"karan";"Ruby";"6";"100"
"89";"karan";"Shell";"5";"100"
"89";"karan";"Arduino";"4";"100"
"89";"karan";"Objective-C";"3";"100"
"89";"karan";"Scala";"2";"100"
"89";"karan";"Go";"2";"100"
"89";"karan";"PHP";"1";"100"
"89";"karan";"C#";"1";"100"
"89";"karan";"C";"1";"100"
"90";"audreyt";"LiveScript";"7913";"1"
"90";"audreyt";"JavaScript";"1304";"4"
"90";"audreyt";"CSS";"896";"3"
"90";"audreyt";"Objective-C";"462";"16"
"90";"audreyt";"Perl";"394";"25"
"90";"audreyt";"Python";"347";"27"
"90";"audreyt";"C++";"104";"100"
"90";"audreyt";"Haskell";"93";"100"
"90";"audreyt";"CoffeeScript";"55";"100"
"90";"audreyt";"C";"43";"100"
"90";"audreyt";"Lua";"37";"100"
"90";"audreyt";"Go";"24";"100"
"90";"audreyt";"PHP";"22";"100"
"90";"audreyt";"VimL";"21";"100"
"90";"audreyt";"OCaml";"11";"100"
"90";"audreyt";"Ruby";"10";"100"
"90";"audreyt";"Opa";"7";"100"
"90";"audreyt";"DOT";"6";"100"
"90";"audreyt";"Shell";"4";"100"
"90";"audreyt";"Java";"3";"100"
"90";"audreyt";"Clojure";"2";"100"
"90";"audreyt";"Scala";"1";"100"
"90";"audreyt";"F#";"1";"100"
"90";"audreyt";"ActionScript";"1";"100"
"91";"JakeWharton";"Java";"15576";"1"
"91";"JakeWharton";"Groovy";"398";"51"
"91";"JakeWharton";"Python";"273";"70"
"91";"JakeWharton";"Shell";"130";"100"
"91";"JakeWharton";"C";"73";"100"
"91";"JakeWharton";"Objective-C";"65";"100"
"91";"JakeWharton";"CSS";"63";"100"
"91";"JakeWharton";"JavaScript";"40";"100"
"91";"JakeWharton";"Ruby";"17";"100"
"91";"JakeWharton";"Kotlin";"11";"100"
"91";"JakeWharton";"Clojure";"3";"100"
"91";"JakeWharton";"C++";"2";"100"
"91";"JakeWharton";"Scala";"1";"100"
"92";"Shougo";"VimL";"11148";"1"
"92";"Shougo";"JavaScript";"877";"100"
"92";"Shougo";"Ruby";"130";"100"
"92";"Shougo";"C";"112";"100"
"92";"Shougo";"CSS";"38";"100"
"92";"Shougo";"C++";"35";"100"
"92";"Shougo";"Python";"26";"100"
"92";"Shougo";"Perl";"26";"100"
"92";"Shougo";"XSLT";"13";"100"
"92";"Shougo";"Shell";"6";"100"
"92";"Shougo";"Lua";"5";"100"
"92";"Shougo";"Emacs Lisp";"5";"100"
"92";"Shougo";"C#";"3";"100"
"92";"Shougo";"Java";"2";"100"
"92";"Shougo";"Go";"2";"100"
"92";"Shougo";"Scheme";"1";"100"
"92";"Shougo";"PHP";"1";"100"
"93";"madskristensen";"C#";"5133";"1"
"93";"madskristensen";"JavaScript";"998";"6"
"93";"madskristensen";"CSS";"294";"20"
"93";"madskristensen";"ASP";"39";"100"
"93";"madskristensen";"Scala";"18";"100"
"93";"madskristensen";"TypeScript";"14";"100"
"93";"madskristensen";"PowerShell";"4";"100"
"93";"madskristensen";"CoffeeScript";"4";"100"
"93";"madskristensen";"Shell";"3";"100"
"93";"madskristensen";"PHP";"3";"100"
"93";"madskristensen";"C";"3";"100"
"93";"madskristensen";"Python";"2";"100"
"94";"fsouza";"Go";"3775";"1"
"94";"fsouza";"Shell";"707";"9"
"94";"fsouza";"Python";"681";"16"
"94";"fsouza";"Ruby";"258";"97"
"94";"fsouza";"JavaScript";"220";"51"
"94";"fsouza";"C";"119";"100"
"94";"fsouza";"VimL";"91";"100"
"94";"fsouza";"CSS";"56";"100"
"94";"fsouza";"C++";"30";"100"
"94";"fsouza";"Java";"15";"100"
"94";"fsouza";"Prolog";"12";"100"
"94";"fsouza";"C#";"7";"100"
"94";"fsouza";"Perl";"5";"100"
"94";"fsouza";"Groovy";"3";"100"
"94";"fsouza";"Rust";"2";"100"
"94";"fsouza";"Puppet";"2";"100"
"94";"fsouza";"FORTRAN";"2";"100"
"94";"fsouza";"Erlang";"2";"100"
"94";"fsouza";"CoffeeScript";"2";"100"
"94";"fsouza";"ActionScript";"2";"100"
"94";"fsouza";"XSLT";"1";"100"
"94";"fsouza";"Visual Basic";"1";"100"
"94";"fsouza";"Scilab";"1";"100"
"94";"fsouza";"Scala";"1";"100"
"94";"fsouza";"PHP";"1";"100"
"94";"fsouza";"Objective-C";"1";"100"
"94";"fsouza";"Dart";"1";"100"
"94";"fsouza";"Assembly";"1";"100"
"95";"ebidel";"CSS";"3069";"1"
"95";"ebidel";"JavaScript";"2542";"3"
"95";"ebidel";"Python";"625";"20"
"95";"ebidel";"Go";"20";"100"
"95";"ebidel";"Ruby";"15";"100"
"95";"ebidel";"Shell";"5";"100"
"95";"ebidel";"C";"5";"100"
"95";"ebidel";"XSLT";"2";"100"
"95";"ebidel";"PHP";"2";"100"
"96";"eduardolundgren";"JavaScript";"5822";"1"
"96";"eduardolundgren";"Java";"2483";"3"
"96";"eduardolundgren";"CSS";"82";"100"
"96";"eduardolundgren";"Shell";"71";"100"
"96";"eduardolundgren";"Python";"29";"100"
"96";"eduardolundgren";"CoffeeScript";"11";"100"
"96";"eduardolundgren";"C++";"6";"100"
"96";"eduardolundgren";"Ruby";"4";"100"
"96";"eduardolundgren";"DOT";"3";"100"
"96";"eduardolundgren";"VimL";"2";"100"
"96";"eduardolundgren";"Perl";"1";"100"
"96";"eduardolundgren";"PHP";"1";"100"
"96";"eduardolundgren";"Objective-C";"1";"100"
"96";"eduardolundgren";"OCaml";"1";"100"
"96";"eduardolundgren";"Go";"1";"100"
"97";"willdurand";"PHP";"7178";"1"
"97";"willdurand";"CSS";"1611";"2"
"97";"willdurand";"Ruby";"1081";"10"
"97";"willdurand";"JavaScript";"1013";"9"
"97";"willdurand";"Shell";"329";"29"
"97";"willdurand";"Puppet";"94";"100"
"97";"willdurand";"VimL";"35";"100"
"97";"willdurand";"Java";"19";"100"
"97";"willdurand";"Python";"10";"100"
"97";"willdurand";"Lasso";"7";"100"
"97";"willdurand";"C++";"5";"100"
"97";"willdurand";"Scala";"3";"100"
"97";"willdurand";"Assembly";"3";"100"
"97";"willdurand";"CoffeeScript";"1";"100"
"98";"HugoGiraudel";"CSS";"3248";"1"
"98";"HugoGiraudel";"JavaScript";"2541";"3"
"98";"HugoGiraudel";"Ruby";"293";"52"
"98";"HugoGiraudel";"PHP";"181";"90"
"98";"HugoGiraudel";"C++";"26";"100"
"98";"HugoGiraudel";"CoffeeScript";"8";"100"
"98";"HugoGiraudel";"Shell";"4";"100"
"99";"hueniverse";"JavaScript";"11320";"1"
"99";"hueniverse";"Perl";"175";"82"
"99";"hueniverse";"Shell";"14";"100"
"99";"hueniverse";"CSS";"7";"100"
"99";"hueniverse";"XSLT";"2";"100"
"99";"hueniverse";"Ruby";"2";"100"
"99";"hueniverse";"CoffeeScript";"1";"100"
"99";"hueniverse";"C++";"1";"100"
"99";"hueniverse";"C";"1";"100"
"100";"rvagg";"JavaScript";"6129";"1"
"100";"rvagg";"C++";"1512";"10"
"100";"rvagg";"Python";"212";"100"
"100";"rvagg";"Shell";"171";"100"
"100";"rvagg";"CSS";"102";"100"
"100";"rvagg";"Ruby";"63";"100"
"100";"rvagg";"C";"30";"100"
"100";"rvagg";"CoffeeScript";"7";"100"
"100";"rvagg";"Haskell";"3";"100"
"100";"rvagg";"PHP";"1";"100"
"100";"rvagg";"Objective-C";"1";"100"
"100";"rvagg";"Go";"1";"100"
"101";"agentzh";"Perl";"4170";"2"
"101";"agentzh";"C";"994";"11"
"101";"agentzh";"Shell";"142";"69"
"101";"agentzh";"Python";"104";"98"
"101";"agentzh";"Lua";"81";"100"
"101";"agentzh";"C++";"25";"100"
"101";"agentzh";"JavaScript";"20";"100"
"101";"agentzh";"Ruby";"6";"100"
"101";"agentzh";"PHP";"6";"100"
"102";"paulcbetts";"C#";"4240";"1"
"102";"paulcbetts";"C";"663";"28"
"102";"paulcbetts";"CoffeeScript";"371";"63"
"102";"paulcbetts";"C++";"211";"100"
"102";"paulcbetts";"Java";"105";"100"
"102";"paulcbetts";"Objective-C";"45";"100"
"102";"paulcbetts";"Ruby";"40";"100"
"102";"paulcbetts";"JavaScript";"27";"100"
"102";"paulcbetts";"CSS";"15";"100"
"102";"paulcbetts";"Shell";"10";"100"
"102";"paulcbetts";"Go";"4";"100"
"102";"paulcbetts";"Python";"2";"100"
"102";"paulcbetts";"Prolog";"2";"100"
"102";"paulcbetts";"Perl";"2";"100"
"102";"paulcbetts";"OCaml";"2";"100"
"102";"paulcbetts";"Clojure";"2";"100"
"102";"paulcbetts";"Swift";"1";"100"
"102";"paulcbetts";"Objective-C++";"1";"100"
"102";"paulcbetts";"Haskell";"1";"100"
"102";"paulcbetts";"F#";"1";"100"
"103";"steipete";"Objective-C";"2430";"2"
"103";"steipete";"Erlang";"1441";"8"
"103";"steipete";"Ruby";"53";"100"
"103";"steipete";"Perl";"39";"100"
"103";"steipete";"C#";"15";"100"
"103";"steipete";"C";"13";"100"
"103";"steipete";"JavaScript";"8";"100"
"103";"steipete";"C++";"8";"100"
"103";"steipete";"Swift";"4";"100"
"103";"steipete";"Python";"3";"100"
"103";"steipete";"Java";"3";"100"
"103";"steipete";"Shell";"1";"100"
"103";"steipete";"Assembly";"1";"100"
"104";"juliangruber";"JavaScript";"7428";"1"
"104";"juliangruber";"C++";"122";"100"
"104";"juliangruber";"CSS";"76";"100"
"104";"juliangruber";"Go";"69";"100"
"104";"juliangruber";"C";"62";"100"
"104";"juliangruber";"Shell";"58";"100"
"104";"juliangruber";"Ruby";"39";"100"
"104";"juliangruber";"Python";"32";"100"
"104";"juliangruber";"CoffeeScript";"28";"100"
"104";"juliangruber";"Objective-C";"9";"100"
"104";"juliangruber";"VimL";"7";"100"
"104";"juliangruber";"Haskell";"6";"100"
"104";"juliangruber";"PHP";"4";"100"
"104";"juliangruber";"Scala";"3";"100"
"104";"juliangruber";"Assembly";"3";"100"
"104";"juliangruber";"Rust";"2";"100"
"104";"juliangruber";"Java";"2";"100"
"104";"juliangruber";"TypeScript";"1";"100"
"104";"juliangruber";"TeX";"1";"100"
"104";"juliangruber";"Processing";"1";"100"
"104";"juliangruber";"Perl";"1";"100"
"104";"juliangruber";"Lua";"1";"100"
"104";"juliangruber";"Kotlin";"1";"100"
"104";"juliangruber";"Julia";"1";"100"
"104";"juliangruber";"Groovy";"1";"100"
"104";"juliangruber";"Erlang";"1";"100"
"104";"juliangruber";"Dart";"1";"100"
"104";"juliangruber";"DOT";"1";"100"
"104";"juliangruber";"D";"1";"100"
"104";"juliangruber";"Clojure";"1";"100"
"104";"juliangruber";"C#";"1";"100"
"104";"juliangruber";"AppleScript";"1";"100"
"104";"juliangruber";"ActionScript";"1";"100"
"105";"stof";"PHP";"27023";"1"
"105";"stof";"JavaScript";"900";"50"
"105";"stof";"Python";"370";"100"
"105";"stof";"Lasso";"346";"100"
"105";"stof";"Assembly";"344";"100"
"105";"stof";"Shell";"229";"100"
"105";"stof";"Java";"181";"100"
"105";"stof";"CoffeeScript";"135";"100"
"105";"stof";"Ruby";"116";"100"
"105";"stof";"CSS";"87";"100"
"105";"stof";"C++";"28";"100"
"105";"stof";"C";"27";"100"
"105";"stof";"Common Lisp";"15";"100"
"105";"stof";"Perl";"7";"100"
"105";"stof";"XSLT";"1";"100"
"105";"stof";"Scala";"1";"100"
"105";"stof";"Puppet";"1";"100"
"106";"purcell";"Emacs Lisp";"9529";"1"
"106";"purcell";"JavaScript";"2146";"4"
"106";"purcell";"C++";"115";"100"
"106";"purcell";"Haskell";"98";"100"
"106";"purcell";"Ruby";"90";"100"
"106";"purcell";"Python";"69";"100"
"106";"purcell";"C";"34";"100"
"106";"purcell";"Shell";"31";"100"
"106";"purcell";"Clojure";"29";"100"
"106";"purcell";"Erlang";"19";"100"
"106";"purcell";"Java";"16";"100"
"106";"purcell";"Objective-C";"8";"100"
"106";"purcell";"Go";"8";"100"
"106";"purcell";"AppleScript";"6";"100"
"106";"purcell";"OCaml";"5";"100"
"106";"purcell";"Scala";"4";"100"
"106";"purcell";"Perl";"4";"100"
"106";"purcell";"Nemerle";"3";"100"
"106";"purcell";"CoffeeScript";"2";"100"
"106";"purcell";"PureScript";"1";"100"
"106";"purcell";"PHP";"1";"100"
"106";"purcell";"Julia";"1";"100"
"106";"purcell";"Factor";"1";"100"
"106";"purcell";"CSS";"1";"100"
"107";"mikolalysenko";"JavaScript";"4364";"1"
"107";"mikolalysenko";"C";"85";"100"
"107";"mikolalysenko";"C++";"35";"100"
"107";"mikolalysenko";"CSS";"19";"100"
"107";"mikolalysenko";"CoffeeScript";"13";"100"
"107";"mikolalysenko";"Ruby";"10";"100"
"107";"mikolalysenko";"Python";"10";"100"
"107";"mikolalysenko";"Perl";"7";"100"
"107";"mikolalysenko";"Java";"7";"100"
"107";"mikolalysenko";"TeX";"4";"100"
"107";"mikolalysenko";"Shell";"4";"100"
"107";"mikolalysenko";"Objective-C";"3";"100"
"107";"mikolalysenko";"D";"3";"100"
"107";"mikolalysenko";"ActionScript";"3";"100"
"107";"mikolalysenko";"Prolog";"2";"100"
"107";"mikolalysenko";"Matlab";"2";"100"
"107";"mikolalysenko";"TypeScript";"1";"100"
"107";"mikolalysenko";"Scala";"1";"100"
"107";"mikolalysenko";"PHP";"1";"100"
"107";"mikolalysenko";"Lua";"1";"100"
"107";"mikolalysenko";"Julia";"1";"100"
"107";"mikolalysenko";"Haskell";"1";"100"
"107";"mikolalysenko";"Dart";"1";"100"
"107";"mikolalysenko";"C#";"1";"100"
"107";"mikolalysenko";"Assembly";"1";"100"
"108";"ujihisa";"Java";"1837";"2"
"108";"ujihisa";"VimL";"960";"4"
"108";"ujihisa";"Ruby";"435";"19"
"108";"ujihisa";"Clojure";"365";"26"
"108";"ujihisa";"Shell";"292";"24"
"108";"ujihisa";"CSS";"102";"100"
"108";"ujihisa";"Scala";"42";"100"
"108";"ujihisa";"Python";"19";"100"
"108";"ujihisa";"JavaScript";"18";"100"
"108";"ujihisa";"Haskell";"17";"100"
"108";"ujihisa";"C";"6";"100"
"108";"ujihisa";"C++";"5";"100"
"108";"ujihisa";"Perl";"2";"100"
"108";"ujihisa";"CoffeeScript";"2";"100"
"108";"ujihisa";"Lua";"1";"100"
"109";"torvalds";"C";"1581";"3"
"110";"mikejolley";"PHP";"10951";"1"
"110";"mikejolley";"JavaScript";"12";"100"
"110";"mikejolley";"Shell";"1";"100"
"110";"mikejolley";"CoffeeScript";"1";"100"
"110";"mikejolley";"CSS";"1";"100"
"111";"arunoda";"JavaScript";"5408";"1"
"111";"arunoda";"CSS";"509";"7"
"111";"arunoda";"C++";"63";"100"
"111";"arunoda";"CoffeeScript";"34";"100"
"111";"arunoda";"Shell";"22";"100"
"111";"arunoda";"C";"10";"100"
"111";"arunoda";"Ruby";"9";"100"
"111";"arunoda";"Python";"4";"100"
"111";"arunoda";"Go";"4";"100"
"111";"arunoda";"Scala";"2";"100"
"112";"jlord";"JavaScript";"2046";"3"
"112";"jlord";"CSS";"865";"5"
"112";"jlord";"Ruby";"31";"100"
"112";"jlord";"PHP";"29";"100"
"112";"jlord";"CoffeeScript";"16";"100"
"112";"jlord";"Shell";"5";"100"
"112";"jlord";"Gosu";"5";"100"
"112";"jlord";"Python";"3";"100"
"112";"jlord";"Go";"2";"100"
"112";"jlord";"VimL";"1";"100"
"112";"jlord";"R";"1";"100"
"112";"jlord";"Perl";"1";"100"
"112";"jlord";"Objective-C";"1";"100"
"112";"jlord";"Java";"1";"100"
"113";"fengmk2";"JavaScript";"7926";"1"
"113";"fengmk2";"CSS";"34";"100"
"113";"fengmk2";"Python";"29";"100"
"113";"fengmk2";"C++";"26";"100"
"113";"fengmk2";"C";"15";"100"
"113";"fengmk2";"Shell";"11";"100"
"113";"fengmk2";"CoffeeScript";"11";"100"
"113";"fengmk2";"Java";"8";"100"
"113";"fengmk2";"Go";"6";"100"
"113";"fengmk2";"Objective-C";"5";"100"
"113";"fengmk2";"Ruby";"2";"100"
"113";"fengmk2";"Perl";"1";"100"
"113";"fengmk2";"PHP";"1";"100"
"113";"fengmk2";"Erlang";"1";"100"
"114";"contra";"JavaScript";"7818";"1"
"114";"contra";"CoffeeScript";"444";"25"
"114";"contra";"CSS";"167";"91"
"114";"contra";"C++";"70";"100"
"114";"contra";"Perl";"44";"100"
"114";"contra";"Shell";"15";"100"
"114";"contra";"Java";"13";"100"
"114";"contra";"Ruby";"11";"100"
"114";"contra";"C";"10";"100"
"114";"contra";"Python";"7";"100"
"114";"contra";"Go";"6";"100"
"114";"contra";"PHP";"2";"100"
"114";"contra";"LiveScript";"2";"100"
"114";"contra";"Scala";"1";"100"
"114";"contra";"Objective-C";"1";"100"
"115";"jspahrsummers";"Objective-C";"11665";"1"
"115";"jspahrsummers";"Haskell";"404";"40"
"115";"jspahrsummers";"Swift";"336";"36"
"115";"jspahrsummers";"C";"122";"100"
"115";"jspahrsummers";"Shell";"108";"100"
"115";"jspahrsummers";"CoffeeScript";"95";"100"
"115";"jspahrsummers";"VimL";"59";"100"
"115";"jspahrsummers";"Ruby";"49";"100"
"115";"jspahrsummers";"C#";"15";"100"
"115";"jspahrsummers";"CSS";"14";"100"
"115";"jspahrsummers";"C++";"12";"100"
"115";"jspahrsummers";"Python";"5";"100"
"115";"jspahrsummers";"Elixir";"5";"100"
"115";"jspahrsummers";"Racket";"3";"100"
"115";"jspahrsummers";"JavaScript";"3";"100"
"115";"jspahrsummers";"Go";"3";"100"
"115";"jspahrsummers";"F#";"1";"100"
"116";"lsmith77";"PHP";"13801";"1"
"116";"lsmith77";"Python";"713";"23"
"116";"lsmith77";"JavaScript";"314";"60"
"116";"lsmith77";"CSS";"286";"43"
"116";"lsmith77";"Ruby";"20";"100"
"116";"lsmith77";"Lasso";"12";"100"
"116";"lsmith77";"C++";"11";"100"
"116";"lsmith77";"Assembly";"8";"100"
"116";"lsmith77";"Java";"4";"100"
"116";"lsmith77";"Shell";"3";"100"
"116";"lsmith77";"Objective-C";"2";"100"
"116";"lsmith77";"Go";"2";"100"
"116";"lsmith77";"CoffeeScript";"2";"100"
"116";"lsmith77";"AppleScript";"2";"100"
"116";"lsmith77";"Scala";"1";"100"
"116";"lsmith77";"Puppet";"1";"100"
"116";"lsmith77";"C#";"1";"100"
"116";"lsmith77";"C";"1";"100"
"117";"yyx990803";"JavaScript";"4948";"1"
"117";"yyx990803";"CSS";"105";"100"
"117";"yyx990803";"Python";"39";"100"
"117";"yyx990803";"Shell";"38";"100"
"117";"yyx990803";"CoffeeScript";"13";"100"
"117";"yyx990803";"C++";"11";"100"
"117";"yyx990803";"Ruby";"6";"100"
"117";"yyx990803";"C";"4";"100"
"117";"yyx990803";"Processing";"2";"100"
"117";"yyx990803";"Go";"2";"100"
"117";"yyx990803";"VimL";"1";"100"
"117";"yyx990803";"TypeScript";"1";"100"
"117";"yyx990803";"Java";"1";"100"
"117";"yyx990803";"Dart";"1";"100"
"117";"yyx990803";"ActionScript";"1";"100"
"118";"necolas";"JavaScript";"3443";"2"
"118";"necolas";"CSS";"1474";"3"
"118";"necolas";"Shell";"201";"76"
"118";"necolas";"CoffeeScript";"28";"100"
"118";"necolas";"Ruby";"19";"100"
"118";"necolas";"PHP";"7";"100"
"118";"necolas";"VimL";"6";"100"
"118";"necolas";"C++";"4";"100"
"118";"necolas";"Java";"3";"100"
"118";"necolas";"Objective-C";"1";"100"
"118";"necolas";"Lua";"1";"100"
"118";"necolas";"C";"1";"100"
"119";"ayende";"C#";"4616";"1"
"119";"ayende";"JavaScript";"42";"100"
"119";"ayende";"TeX";"23";"100"
"119";"ayende";"PowerShell";"9";"100"
"119";"ayende";"Go";"3";"100"
"119";"ayende";"CSS";"1";"100"
"120";"Unknwon";"Go";"6881";"1"
"120";"Unknwon";"CSS";"270";"29"
"120";"Unknwon";"JavaScript";"134";"100"
"120";"Unknwon";"C#";"42";"100"
"120";"Unknwon";"Python";"21";"100"
"120";"Unknwon";"Shell";"10";"100"
"120";"Unknwon";"Ruby";"10";"100"
"120";"Unknwon";"VimL";"8";"100"
"120";"Unknwon";"C++";"8";"100"
"120";"Unknwon";"C";"8";"100"
"120";"Unknwon";"Swift";"5";"100"
"120";"Unknwon";"PHP";"4";"100"
"120";"Unknwon";"Java";"4";"100"
"120";"Unknwon";"Perl";"2";"100"
"120";"Unknwon";"Objective-C";"2";"100"
"120";"Unknwon";"CoffeeScript";"2";"100"
"120";"Unknwon";"XSLT";"1";"100"
"120";"Unknwon";"Vala";"1";"100"
"120";"Unknwon";"Lua";"1";"100"
"121";"SamSaffron";"Ruby";"3999";"1"
"121";"SamSaffron";"JavaScript";"2532";"3"
"121";"SamSaffron";"Shell";"340";"33"
"121";"SamSaffron";"Go";"227";"90"
"121";"SamSaffron";"PHP";"88";"100"
"121";"SamSaffron";"C#";"45";"100"
"121";"SamSaffron";"CSS";"26";"100"
"121";"SamSaffron";"C++";"24";"100"
"121";"SamSaffron";"C";"5";"100"
"121";"SamSaffron";"Java";"4";"100"
"121";"SamSaffron";"VimL";"3";"100"
"121";"SamSaffron";"Python";"2";"100"
"121";"SamSaffron";"Scheme";"1";"100"
"122";"example42";"Puppet";"4879";"1"
"122";"example42";"Ruby";"764";"8"
"122";"example42";"Shell";"79";"100"
"122";"example42";"CSS";"37";"100"
"122";"example42";"Groovy";"23";"100"
"122";"example42";"JavaScript";"6";"100"
"122";"example42";"Perl";"1";"100"
"122";"example42";"Clojure";"1";"100"
