'fabpot', 'PHP', 'Shell', 'JavaScript'
'weierophinney', 'PHP', 'Shell', 'VimL'
'visionmedia', 'JavaScript', 'C', 'Shell'
'tmcw', 'JavaScript', 'Python', 'CSS'
'c9s', 'Perl', 'PHP', 'VimL'
'jdalton', 'JavaScript', 'Ruby', 'PHP'
'tokuhirom', 'Perl', 'JavaScript', 'C'
'substack', 'JavaScript', 'Shell', 'Haskell'
'taylorotwell', 'PHP', 'JavaScript', 'Perl'
'dominictarr', 'JavaScript', 'Shell', 'Ruby'
'fsouza', 'Python', 'JavaScript', 'Go'
'ekmett', 'Haskell', 'Shell', 'C'
'michaelklishin', 'Ruby', 'Clojure', 'Shell'
'markstory', 'PHP', 'JavaScript', 'Shell'
'zenorocha', 'JavaScript', 'Ruby', 'Shell'
'lepture', 'Python', 'JavaScript', 'CSS'
'kripken', 'JavaScript', 'C', 'Shell'
'jspahrsummers', 'Objective-C', 'Shell', 'C'
'dcramer', 'Python', 'JavaScript', 'Shell'
'pippinsplugins', 'PHP', 'JavaScript', 'Shell'
'sferik', 'Ruby', 'JavaScript', 'Shell'
'Raynos', 'JavaScript', 'Shell', 'CoffeeScript'
'mdo', 'CSS', 'JavaScript'
'kennethreitz', 'Python', 'Shell', 'JavaScript'
'balupton', 'JavaScript', 'CoffeeScript', 'Shell'
'ornicar', 'PHP', 'JavaScript', 'Scala'
'springmeyer', 'C++', 'Python', 'Shell'
'mitchellh', 'Ruby', 'Go', 'Shell'
'fogus', 'Clojure', 'JavaScript', 'Scala'
'jeromeetienne', 'JavaScript', 'Shell', 'Python'
'radar', 'Ruby', 'JavaScript', 'CoffeeScript'
'jordansissel', 'Ruby', 'Shell', 'JavaScript'
'Shougo', 'VimL', 'Shell', 'C'
'postmodern', 'Ruby', 'Shell', 'JavaScript'
'gka', 'Python', 'JavaScript', 'ActionScript'
'drnic', 'Ruby', 'JavaScript', 'Shell'
'josevalim', 'Ruby', 'JavaScript', 'Python'
'randx', 'Ruby', 'JavaScript', 'Python'
'lifesinger', 'JavaScript', 'PHP', 'CSS'
'andrewsmedina', 'Python', 'JavaScript', 'Go'
'lsmith77', 'PHP', 'JavaScript', 'Shell'
'rvagg', 'JavaScript', 'C++', 'Shell'
'hueniverse', 'JavaScript', 'Shell', 'Perl'
'scribu', 'PHP', 'JavaScript', 'Ruby'
'mattn', 'VimL', 'Go', 'C'
'benbalter', 'JavaScript', 'PHP', 'Ruby'
'maxogden', 'JavaScript', 'Ruby', 'Python'
'ednapiranha', 'JavaScript', 'Python', 'CSS'
'alex', 'Python', 'JavaScript', 'Shell'
'jtimberman', 'Ruby', 'Shell', 'JavaScript'
'ujihisa', 'Ruby', 'VimL', 'Clojure'
'sindresorhus', 'JavaScript', 'Python', 'CSS'
'kohsuke', 'Java', 'Shell', 'JavaScript'
'paulmillr', 'JavaScript', 'CoffeeScript', 'Shell'
'kytrinyx', 'Ruby', 'JavaScript', 'Shell'
'JakeWharton', 'Java', 'Shell', 'Python'
'willdurand', 'PHP', 'Ruby', 'Shell'
'dg', 'PHP', 'JavaScript', 'CSS'
'rstacruz', 'Ruby', 'JavaScript', 'CoffeeScript'
'pydanny', 'Python', 'JavaScript', 'Shell'
'steveklabnik', 'Ruby', 'JavaScript', 'CoffeeScript'
'snoyberg', 'Haskell', 'Shell', 'C'
'aheckmann', 'JavaScript', 'Shell', 'Python'
'yihui', 'R', 'Shell', 'JavaScript'
'hadley', 'R', 'JavaScript', 'C++'
'samuelclay', 'JavaScript', 'Python', 'Ruby'
'Ocramius', 'PHP', 'Shell', 'JavaScript'
'isaacs', 'JavaScript', 'Shell', 'C++'
'rafaelfranca', 'Ruby', 'Shell', 'JavaScript'
'ayende', 'C#', 'ASP', 'JavaScript'
'igorw', 'PHP', 'Shell', 'JavaScript'
'davglass', 'JavaScript', 'Shell', 'PHP'
'dustin', 'Go', 'Python', 'Ruby'
'svenfuchs', 'Ruby', 'JavaScript', 'VimL'
'bergie', 'JavaScript', 'PHP', 'CoffeeScript'
'viatropos', 'JavaScript', 'Ruby', 'CoffeeScript'
'jaredhanson', 'JavaScript', 'CSS', 'C++'
'miyagawa', 'Perl', 'Ruby', 'JavaScript'
'bbatsov', 'Emacs', 'Lisp', 'Ruby'
'torvalds', 'C', 'XSLT', 'Perl'
'mbostock', 'JavaScript', 'PHP', 'CSS'
'domenic', 'JavaScript', 'CoffeeScript', 'CSS'
'Gozala', 'JavaScript', 'Shell', 'Python'
'mattt', 'Ruby', 'Objective-C', 'JavaScript'
'headius', 'Ruby', 'Java', 'C'
'purcell', 'Emacs', 'Lisp', 'Ruby'
'qiangxue', 'PHP', 'Shell', 'Perl'
'paulcbetts', 'C#', 'Ruby', 'JavaScript'
'example42', 'Puppet', 'Ruby', 'Shell'
'steipete', 'Objective-C', 'C', 'Shell'
'davidfowl', 'C#', 'JavaScript', 'ASP'
'drogus', 'Ruby', 'JavaScript', 'Shell'
'RubyLouvre', 'JavaScript', 'CSS', 'PHP'
'dkubb', 'Ruby', 'CSS', 'Ragel'
'kevinsawicki', 'JavaScript', 'Java', 'Shell'
'marijnh', 'JavaScript', 'Common', 'Lisp'
'Seldaek', 'PHP', 'JavaScript', 'Shell'
'beberlei', 'PHP', 'Shell', 'JavaScript'
'nddrylliog', 'ooc', 'Shell', 'C'
'durran', 'Ruby', 'JavaScript', 'C'
'indutny', 'JavaScript', 'C++', 'C'
'mythz', 'JavaScript', 'C#', 'Shell'
'scottgonzalez', 'JavaScript', 'PHP', 'Shell'
'jwiegley', 'Emacs', 'Lisp', 'Haskell'
'TooTallNate', 'JavaScript', 'C++', 'Shell'
'n1k0', 'JavaScript', 'Python', 'Shell'
'rjbs', 'Perl', 'Shell', 'JavaScript'
'sorbits', 'Ruby', 'C++', 'C'
'agentzh', 'Perl', 'Shell', 'C'
'ask', 'Python', 'Shell', 'C'
'koush', 'Shell', 'Java', 'C'
'gfx', 'Perl', 'C', 'JavaScript'
'mourner', 'JavaScript', 'Ruby', 'Shell'
'adamv', 'Python', 'Shell', 'Ruby'
'jamesward', 'Java', 'Scala', 'JavaScript'
'Cocoanetics', 'Objective-C', 'C', 'Ruby'
'carljm', 'Python', 'JavaScript', 'Shell'
'creationix', 'JavaScript', 'Lua', 'Shell'
'andrew', 'Ruby', 'JavaScript', 'CoffeeScript'
'benoitc', 'Python', 'Erlang', 'JavaScript'
'remy', 'JavaScript', 'PHP', 'CSS'
'phalcon', 'PHP', 'JavaScript', 'CSS'
'rkh', 'Ruby', 'JavaScript', 'Shell'
'jcoglan', 'Ruby', 'JavaScript', 'Shell'
'addyosmani', 'JavaScript', 'Shell', 'Ruby'
'faux123', 'Shell', 'C', 'C++'
'klen', 'Python', 'Shell', 'VimL'
'carlosantoniodasilva', 'Ruby', 'JavaScript', 'Shell'
'mikejolley', 'PHP', 'JavaScript', 'CSS'
'r7kamura', 'Ruby', 'JavaScript', 'CoffeeScript'
'graemerocher', 'Java', 'Groovy', 'Shell'
'romaonthego', 'Objective-C', 'Ruby', 'C'
'3rd-Eden', 'JavaScript', 'Shell', 'Python'
'mrdoob', 'JavaScript', 'Python', 'F#'
'shiffman', 'Java', 'Processing', 'JavaScript'
'hsbt', 'Ruby', 'JavaScript', 'Shell'
'ai', 'Ruby', 'CoffeeScript', 'JavaScript'
'jedi4ever', 'Ruby', 'JavaScript', 'Shell'
'soyjavi', 'CoffeeScript', 'JavaScript'
'aslakhellesoy', 'Ruby', 'JavaScript', 'Java'
'jcasimir', 'Ruby', 'JavaScript', 'CoffeeScript'
'ericam', 'Ruby', 'JavaScript', 'CSS'
'jsuereth', 'Scala', 'Shell', 'JavaScript'
'vojtajina', 'JavaScript', 'Shell', 'CoffeeScript'
'jgm', 'Haskell', 'Shell', 'Perl'
'jashkenas', 'Ruby', 'JavaScript', 'CoffeeScript'
'tenderlove', 'Ruby', 'C', 'JavaScript'
'desandro', 'JavaScript', 'Shell', 'CSS'
'mizzy', 'Ruby', 'JavaScript', 'Perl'
'SamSaffron', 'Ruby', 'JavaScript', 'C#'
'necolas', 'JavaScript', 'PHP', 'CSS'
'obviousjim', 'C++', 'C', 'Objective-C'
'solnic', 'Ruby', 'JavaScript', 'Shell'
'fengmk2', 'JavaScript', 'Shell', 'Python'
'weaverryan', 'PHP', 'JavaScript', 'Shell'
'charliesome', 'Ruby', 'JavaScript', 'Shell'
'JacksonTian', 'JavaScript', 'Shell', 'Perl'
'jmettraux', 'Ruby', 'JavaScript', 'Shell'
'magnars', 'Emacs', 'Lisp', 'JavaScript'
'ianstormtaylor', 'JavaScript', 'CSS', 'Ruby'
'gregkh', 'C', 'Shell', 'Perl'
'kraih', 'Perl', 'JavaScript', 'XProc'
'yrashk', 'Erlang', 'Elixir', 'Shell'
'audreyt', 'Perl', 'JavaScript', 'Haskell'
'indexzero', 'JavaScript', 'C#', 'Shell'
'thomasdavis', 'JavaScript', 'Shell', 'CSS'
'Marak', 'JavaScript', 'Perl', 'C#'
'azer', 'JavaScript', 'Shell', 'Ruby'
'ricardoquesada', 'C', 'Objective-C', 'JavaScript'
'kaepora', 'JavaScript', 'PHP'
'FooBarWidget', 'Ruby', 'C', 'Python'
'everzet', 'PHP', 'Shell', 'Ruby'
'kana', 'VimL', 'Ruby', 'JavaScript'
'joshaber', 'Objective-C', 'C', 'Perl'
'derickbailey', 'JavaScript', 'Ruby', 'C#'
'audreyr', 'Python', 'JavaScript', 'Shell'
'jtauber', 'Python', 'JavaScript', 'Shell'
'straup', 'Python', 'JavaScript', 'PHP'
'johnmyleswhite', 'Julia', 'R', 'Shell'
'tomas', 'JavaScript', 'Ruby', 'Shell'
'bitprophet', 'Python', 'Ruby', 'JavaScript'
'felixge', 'JavaScript', 'Shell', 'PHP'
'ebidel', 'JavaScript', 'Shell', 'Python'
'jrburke', 'JavaScript', 'Shell', 'Python'
'daleharvey', 'JavaScript', 'Shell', 'Erlang'
'jnunemaker', 'Ruby', 'Shell', 'JavaScript'
'tpope', 'VimL', 'Ruby', 'Shell'
'csswizardry', 'Shell', 'CSS', 'Racket'
'mmalecki', 'JavaScript', 'Shell', 'C'
'indirect', 'Ruby', 'Shell', 'JavaScript'
'yuvipanda', 'Python', 'JavaScript', 'Shell'
'chjj', 'JavaScript', 'Shell', 'C'
'feross', 'JavaScript', 'Shell', 'Ruby'
'bnoordhuis', 'C', 'C++', 'JavaScript'
'alloy', 'Ruby', 'Objective-C', 'C'
'pengwynn', 'Ruby', 'JavaScript', 'Shell'
'arturoc', 'C++', 'C', 'Objective-C'
'jimweirich', 'Ruby', 'JavaScript', 'CoffeeScript'
'josegonzalez', 'PHP', 'JavaScript', 'Ruby'
'sebastianbergmann', 'PHP', 'Shell', 'JavaScript'
'robashton', 'JavaScript', 'C#', 'Ruby'
'ProLoser', 'PHP', 'JavaScript', 'Shell'
'seancribbs', 'Ruby', 'JavaScript', 'Erlang'
'Constellation', 'JavaScript', 'C', 'C++'
'jmathai', 'PHP', 'JavaScript', 'Shell'
'tarcieri', 'Ruby', 'C', 'JavaScript'
'kriskowal', 'JavaScript', 'Shell', 'Python'
'mitsuhiko', 'Python', 'JavaScript', 'Shell'
'michael', 'JavaScript', 'Ruby', 'CoffeeScript'
'lloyd', 'JavaScript', 'Shell', 'C'
'mathiasbynens', 'JavaScript', 'Shell', 'Python'
'parndt', 'Ruby', 'JavaScript', 'Shell'
'mde', 'JavaScript', 'Python', 'Ruby'
'Raynes', 'Clojure', 'JavaScript', 'Shell'
'derickr', 'PHP', 'Shell', 'C'
'technomancy', 'Clojure', 'Emacs', 'Lisp'
'rdegges', 'Python', 'Shell', 'JavaScript'
'jezdez', 'Python', 'JavaScript', 'Shell'
'levey', 'Objective-C', 'JavaScript', 'Ruby'
'kylemcdonald', 'C++', 'C', 'Objective-C'
'saberma', 'Ruby', 'JavaScript', 'Shell'
'happypeter', 'Ruby', 'JavaScript', 'Shell'
'josh', 'Ruby', 'JavaScript', 'CoffeeScript'
'blakewatters', 'Ruby', 'Objective-C', 'C'
'swannodette', 'Clojure', 'JavaScript', 'Scheme'
'jesusabdullah', 'JavaScript', 'Python', 'Shell'
'matz', 'JavaScript', 'Python', 'Shell'
'tyru', 'VimL', 'Perl', 'Shell'
'btford', 'JavaScript', 'Shell', 'Ruby'
'zenspider', 'Ruby', 'Shell', 'C'
'twada', 'JavaScript', 'Shell', 'CSS'
'loopj', 'Ruby', 'JavaScript', 'CoffeeScript'
'kentaro', 'Ruby', 'Perl', 'JavaScript'
'dennisreimann', 'Ruby', 'JavaScript', 'Objective-C'
'astaxie', 'Go', 'JavaScript', 'Shell'
'pgte', 'JavaScript', 'Shell', 'Ruby'
'soffes', 'Ruby', 'Objective-C', 'C'
'yinwang0', 'JavaScript', 'Scheme', 'Python'
'lestrrat', 'Perl', 'C', 'Shell'
'mmcgrana', 'Clojure', 'Ruby', 'Shell'
'phuslu', 'Python', 'C', 'Shell'
'darwin', 'JavaScript', 'Ruby', 'Shell'
'sergeche', 'JavaScript', 'Python', 'Java'
'darkwing', 'JavaScript', 'PHP', 'Shell'
'samdark', 'PHP', 'JavaScript', 'Shell'
'codahale', 'Ruby', 'Java', 'Scala'
'roidrage', 'Ruby', 'JavaScript', 'Python'
'ingydotnet', 'Perl', 'Shell', 'Python'
'schneems', 'Ruby', 'JavaScript', 'Shell'
'flyerhzm', 'Ruby', 'JavaScript', 'Shell'
'laruence', 'PHP', 'C', 'Shell'
'schmittjoh', 'PHP', 'JavaScript', 'Perl'
'cheeaun', 'JavaScript', 'PHP', 'Python'
'nacin', 'JavaScript', 'PHP', 'Python'
'glennblock', 'JavaScript', 'C#', 'Shell'
'michaelficarra', 'JavaScript', 'CoffeeScript', 'Ruby'
'sjl', 'Python', 'Shell', 'Clojure'
'jzaefferer', 'JavaScript', 'PHP', 'Shell'
'aphyr', 'Ruby', 'Clojure', 'Shell'
'bradfitz', 'Go', 'Perl', 'Shell'
'lilydjwg', 'Python', 'Shell', 'C'
'metajack', 'Rust', 'Python', 'C'
'ericholscher', 'Python', 'Shell', 'JavaScript'
'wbond', 'Python', 'Shell', 'JavaScript'
'maryrosecook', 'JavaScript', 'Ruby', 'Clojure'
'viljamis', 'JavaScript', 'Ruby', 'PHP'
'wycats', 'Ruby', 'JavaScript', 'C'
'gabrielfalcao', 'Python', 'JavaScript', 'Shell'
'ogrisel', 'Python', 'Shell', 'Java'
'jakevdp', 'Python', 'JavaScript', 'C'
'cpw', 'Java', 'Python'
'antirez', 'C', 'Ruby', 'Shell'
'bobthecow', 'JavaScript', 'Ruby', 'PHP'
'dexteryy', 'JavaScript', 'CSS', 'Python'
'amatsuda', 'Ruby', 'JavaScript', 'Shell'
'freexperia', 'C', 'Shell', 'C++'
'guille', 'JavaScript', 'PHP', 'CoffeeScript'
'mislav', 'Ruby', 'JavaScript', 'Shell'
'tonymorris', 'Haskell', 'Shell', 'Scala'
'chriso', 'JavaScript', 'C', 'Perl'
'rmcc', 'C', 'C++', 'Java'
'wagenet', 'JavaScript', 'Ruby', 'CSS'
'kangax', 'JavaScript', 'CSS', 'Shell'
'phlipper', 'Ruby', 'JavaScript', 'Shell'
'mxcl', 'C', 'Objective-C', 'Ruby'
'chrisdone', 'Haskell', 'JavaScript', 'Shell'
'pat', 'Ruby', 'JavaScript', 'Shell'
'vmg', 'C', 'Ruby', 'Python'
'xdite', 'Ruby', 'JavaScript', 'CoffeeScript'
'huangz1990', 'Python', 'Shell', 'Ruby'
'ztellman', 'Clojure', 'Java', 'C++'
'jaspervdj', 'Haskell', 'Shell', 'JavaScript'
'jasondavies', 'JavaScript', 'Python', 'Shell'
'naoya', 'Perl', 'Ruby', 'JavaScript'
'philsturgeon', 'PHP', 'Ruby', 'JavaScript'
'geemus', 'Ruby', 'JavaScript', 'Shell'
'dae', 'Python', 'Shell'
'ariya', 'JavaScript', 'C', 'C++'
'fxn', 'Ruby', 'Perl', 'JavaScript'
'antimatter15', 'JavaScript', 'Python', 'CoffeeScript'
'technoweenie', 'Ruby', 'JavaScript', 'Shell'
'ddollar', 'Ruby', 'Shell', 'JavaScript'
'millermedeiros', 'JavaScript', 'Shell', 'ActionScript'
'bryanveloso', 'Python', 'Ruby', 'Shell'
'stof', 'PHP', 'JavaScript', 'Shell'
'aFarkas', 'JavaScript', 'PHP', 'CSS'
'evilsocket', 'C++', 'Python', 'C'
'AD7six', 'PHP', 'Shell', 'JavaScript'
'jeremyckahn', 'JavaScript', 'Shell', 'Ruby'
'mikeal', 'JavaScript', 'Python', 'Shell'
'cyanogen', 'C', 'Shell', 'Perl'
'mhartl', 'Ruby', 'JavaScript', 'CoffeeScript'
'johnpolacek', 'JavaScript', 'Shell', 'PHP'
'wesm', 'Python', 'Shell', 'C'
'chromakode', 'Python', 'JavaScript', 'Shell'
'kvz', 'PHP', 'Shell', 'JavaScript'
'clowwindy', 'Shell', 'Python', 'Objective-C'
'hij1nx', 'JavaScript', 'C++', 'Shell'
'robhudson', 'Python', 'JavaScript', 'Shell'
'cowboy', 'JavaScript', 'PHP', 'Shell'
'clayallsopp', 'Ruby', 'JavaScript', 'Objective-C'
'matthewmccullough', 'Java', 'Shell', 'Groovy'
'jonleighton', 'Ruby', 'JavaScript', 'Shell'
'mnot', 'Python', 'JavaScript', 'Shell'
'kimchy', 'Shell', 'Java', 'Ruby'
'janl', 'JavaScript', 'Shell', 'Ruby'
'tbranyen', 'JavaScript', 'CoffeeScript', 'Shell'
'henriquebastos', 'Python', 'JavaScript', 'Shell'
'estelle', 'JavaScript', 'Shell', 'Java'
'chrisbanes', 'Java', 'JavaScript', 'C'
'weavejester', 'Clojure', 'JavaScript', 'Shell'
'progrium', 'Python', 'JavaScript', 'Ruby'
'BYVoid', 'C++', 'JavaScript', 'C'
'evanphx', 'Ruby', 'C', 'C++'
'PaulKinlan', 'JavaScript', 'Python', 'Shell'
'tmpvar', 'JavaScript', 'C++', 'C'
'mishoo', 'JavaScript', 'Common', 'Lisp'
'ianb', 'JavaScript', 'Python', 'Shell'
'mperham', 'Ruby', 'JavaScript', 'Shell'
'lotem', 'Shell', 'C', 'C++'
'turicas', 'Python', 'Shell', 'Java'
'paulrouget', 'JavaScript', 'Shell', 'Java'
'coleifer', 'Python', 'Shell', 'JavaScript'
'sintaxi', 'JavaScript', 'Ruby', 'Shell'
'anthonyshort', 'JavaScript', 'Ruby', 'CoffeeScript'
'ttscoff', 'Ruby', 'Shell', 'JavaScript'
'rgrove', 'JavaScript', 'Ruby', 'Shell'
'antonkovalyov', 'JavaScript', 'Shell', 'Python'
'revolunet', 'JavaScript', 'Python', 'Shell'
'daaku', 'Go', 'JavaScript', 'Python'
'voodootikigod', 'JavaScript', 'Ruby', 'Shell'
'migurski', 'Python', 'JavaScript', 'PHP'
'ivaynberg', 'JavaScript', 'Java', 'Shell'
'tswicegood', 'Python', 'JavaScript', 'Ruby'
'jakearchibald', 'JavaScript', 'Shell', 'Python'
'garethr', 'Ruby', 'Puppet', 'Python'
'blueimp', 'JavaScript', 'CSS', 'Go'
'PrimaryFeather', 'ActionScript', 'Shell', 'Objective-C'
'skanev', 'Ruby', 'JavaScript', 'Shell'
'cjohansen', 'Ruby', 'JavaScript', 'Emacs'
'sofish', 'JavaScript', 'Shell', 'CSS'
'hotoo', 'JavaScript', 'VimL', 'Java'
'judofyr', 'Ruby', 'JavaScript', 'Shell'
'SlexAxton', 'JavaScript', 'Shell', 'Ruby'
'uliwitness', 'Objective-C', 'C', 'C++'
'cpojer', 'JavaScript', 'Shell', 'PHP'
'robey', 'Scala', 'CoffeeScript', 'JavaScript'
'schwern', 'Perl', 'C', 'Shell'
'muan', 'JavaScript', 'Ruby', 'CoffeeScript'
'bschussek', 'PHP', 'Shell', 'JavaScript'
'hakimel', 'JavaScript', 'CSS'
'thinca', 'VimL', 'Ruby', 'Python'
'xumingming', 'Clojure', 'Java', 'Shell'
'Lokaltog', 'VimL', 'Python', 'Shell'
'pahimar', 'Java', 'Python', 'Shell'
'maxlapshin', 'Erlang', 'Ruby', 'C'
'sandal', 'Ruby', 'JavaScript', 'Python'
'AshFurrow', 'Objective-C', 'C', 'Ruby'
'bos', 'Haskell', 'C', 'Shell'
'jberkel', 'Java', 'Ruby', 'JavaScript'
'mixu', 'JavaScript', 'Shell', 'C++'
'tekkub', 'Ruby', 'JavaScript', 'Lua'
'justintadlock', 'PHP', 'JavaScript', 'CSS'
'ginatrapani', 'JavaScript', 'PHP', 'Shell'
'jakiestfu', 'JavaScript', 'PHP', 'CSS'
'IgorMinar', 'JavaScript', 'Shell', 'Ruby'
'iamcal', 'PHP', 'Perl', 'JavaScript'
'apotonick', 'Ruby', 'JavaScript', 'CoffeeScript'
'bdarnell', 'Python', 'JavaScript', 'Shell'
'nelstrom', 'Ruby', 'JavaScript', 'VimL'
'graydon', 'Python', 'JavaScript', 'Shell'
'sorah', 'Ruby', 'JavaScript', 'C'
'bodil', 'JavaScript', 'Clojure', 'Shell'
'fat', 'JavaScript', 'Ruby', 'PHP'
'vrana', 'PHP', 'JavaScript', 'Shell'
'simonmar', 'Haskell', 'Shell', 'C'
'leto', 'Perl', 'C', 'JavaScript'
'petdance', 'Perl', 'C', 'JavaScript'
'jnicklas', 'Ruby', 'JavaScript', 'Shell'
'killme2008', 'Java', 'Clojure', 'Shell'
'iambus', 'Python', 'CoffeeScript', 'Shell'
'paulirish', 'JavaScript', 'Shell', 'PHP'
'rodjek', 'Ruby', 'Shell', 'Puppet'
'rafl', 'Perl', 'C', 'Shell'
'fnando', 'Ruby', 'JavaScript', 'PHP'
'nex3', 'Ruby', 'JavaScript', 'Emacs'
'bastianallgeier', 'PHP', 'JavaScript', 'CSS'
'cwilso', 'JavaScript', 'Shell', 'Python'
'spastorino', 'Ruby', 'JavaScript', 'Shell'
'jchris', 'JavaScript', 'Ruby', 'Python'
'kr', 'Go', 'Shell', 'Ruby'
'memo', 'C++', 'C', 'Shell'
'arco', 'C', 'C++', 'Shell'
'tnm', 'C', 'Python', 'Ruby'
'alexyoung', 'JavaScript', 'Ruby', 'Shell'
'toastdriven', 'Python', 'Shell', 'JavaScript'
'caolan', 'JavaScript', 'Shell', 'Ruby'
'juanplopes', 'C#', 'Python', 'Shell'
'rs', 'Objective-C', 'JavaScript', 'Python'
'technicalpickles', 'Ruby', 'JavaScript', 'CoffeeScript'
'tmm1', 'Ruby', 'C', 'JavaScript'
'lorenzo', 'PHP', 'JavaScript', 'Shell'
'masuidrive', 'Ruby', 'JavaScript', 'C'
'DataTables', 'JavaScript', 'PHP', 'Shell'
'WardCunningham', 'Ruby', 'JavaScript', 'Shell'
'karmi', 'Ruby', 'JavaScript', 'Shell'
'kazuho', 'Perl', 'C', 'C++'
'dscape', 'JavaScript', 'Shell', 'Ruby'
'commonsguy', 'Java', 'Perl', 'Shell'
'ioerror', 'Shell', 'C', 'Python'
'phoboslab', 'JavaScript', 'Objective-C', 'C'
'harthur', 'JavaScript', 'C', 'Python'
'frsyuki', 'Ruby', 'C++', 'C'
'puffnfresh', 'JavaScript', 'Shell', 'Scala'
'jbarnette', 'Ruby', 'Shell', 'JavaScript'
'funkatron', 'JavaScript', 'PHP', 'Python'
'tomdale', 'JavaScript', 'Ruby', 'CoffeeScript'
'Haacked', 'C#', 'JavaScript', 'Shell'
'schwa', 'Objective-C', 'Python', 'C'
'altercation', 'Shell', 'Perl', 'Python'
'nst', 'Objective-C', 'Python', 'C'
'jeremy', 'Ruby', 'JavaScript', 'C'
'indragiek', 'Objective-C', 'Ruby', 'Shell'
'xaviershay', 'Ruby', 'JavaScript', 'Shell'
'qrush', 'Ruby', 'JavaScript', 'Shell'
'elvisimprsntr', 'Ruby', 'Shell'
'ralphschindler', 'PHP', 'Shell', 'JavaScript'
'nathanmarz', 'Clojure', 'Java', 'Shell'
'padolsey', 'JavaScript', 'PHP', 'Ruby'
'kriszyp', 'JavaScript', 'Shell', 'PHP'
'piscisaureus', 'JavaScript', 'C', 'Shell'
'idan', 'Python', 'JavaScript', 'Ruby'
'maccman', 'Ruby', 'JavaScript', 'CoffeeScript'
'falconindy', 'C', 'Shell', 'Perl'
'ptarjan', 'Python', 'PHP', 'JavaScript'
'nostra13', 'Java'
'gilesbowkett', 'Ruby', 'JavaScript', 'Shell'
'sickill', 'Ruby', 'Shell', 'JavaScript'
'fredwu', 'Ruby', 'JavaScript', 'CoffeeScript'
'nvie', 'Python', 'Shell', 'VimL'
'davies', 'C', 'Python', 'Shell'
'videlalvaro', 'Shell', 'Erlang', 'PHP'
'astro', 'JavaScript', 'Ruby', 'Shell'
'nateabele', 'PHP', 'JavaScript', 'Shell'
'imakewebthings', 'JavaScript', 'CSS', 'Ruby'
'angus-c', 'JavaScript', 'CoffeeScript', 'Ruby'
'ericbarnes', 'PHP', 'JavaScript', 'Shell'
'huacnlee', 'Ruby', 'JavaScript', 'Shell'
'yaoweibin', 'C', 'Shell', 'Perl'
'getify', 'JavaScript', 'PHP', 'C'
'jed', 'JavaScript', 'CoffeeScript', 'Shell'
'yyx990803', 'JavaScript', 'Shell', 'CSS'
'rogerwang', 'Python', 'C++', 'C'
'ripienaar', 'Ruby', 'Puppet', 'Shell'
'rmurphey', 'JavaScript', 'Ruby', 'Shell'
'jamtur01', 'Ruby', 'Puppet', 'Shell'
'ofZach', 'C++', 'C', 'Objective-C'
'stuartsierra', 'Clojure', 'Shell', 'Java'
'n8han', 'Scala', 'JavaScript', 'Java'
'bnoguchi', 'JavaScript', 'Ruby', 'C'
'assaf', 'Ruby', 'JavaScript', 'CoffeeScript'
'benschwarz', 'Ruby', 'JavaScript', 'Shell'
'nicklockwood', 'Objective-C', 'Ruby', 'C'
'fzaninotto', 'PHP', 'JavaScript', 'Shell'
'jonrohan', 'C', 'JavaScript', 'Python'
'dhh', 'Ruby', 'JavaScript', 'Shell'
'simurai', 'JavaScript', 'Shell', 'CSS'
'Quarx2k', 'C', 'Shell', 'C++'
'mattetti', 'Ruby', 'JavaScript', 'Objective-C'
'bfirsh', 'Python', 'Shell', 'JavaScript'
'alteredq', 'JavaScript', 'Shell', 'Python'
'migueldeicaza', 'C#', 'ASP', 'C'
'trek', 'JavaScript', 'Ruby', 'CSS'
'DamianEdwards', 'JavaScript', 'C#', 'ASP'
'atmos', 'Ruby', 'JavaScript', 'Shell'
'moxie0', 'Python', 'Shell', 'JavaScript'
'glassesfactory', 'Python', 'JavaScript', 'CoffeeScript'
'sishen', 'Ruby', 'JavaScript', 'C'
'jacobian', 'Python', 'Shell', 'JavaScript'
'kgn', 'Objective-C', 'C', 'Python'
'arunagw', 'Ruby', 'JavaScript', 'Shell'
'EvanDotPro', 'PHP', 'JavaScript', 'VimL'
'myell0w', 'Objective-C', 'Ruby', 'C'
'Caged', 'JavaScript', 'Ruby', 'Objective-C'
'rpetrich', 'Objective-C', 'C', 'Shell'
'brianleroux', 'JavaScript', 'Shell', 'Ruby'
'ircmaxell', 'PHP', 'JavaScript', 'Shell'
'brosner', 'Python', 'JavaScript', 'Shell'
'akrabat', 'PHP', 'JavaScript', 'Shell'
'shanselman', 'C#', 'JavaScript', 'ASP'
'fitzgen', 'JavaScript', 'Python', 'Shell'
'bkeepers', 'Ruby', 'JavaScript', 'CoffeeScript'
'unconed', 'JavaScript', 'Shell', 'Python'
'evanmiller', 'Erlang', 'Shell', 'C'
'mubix', 'Ruby', 'Python', 'Shell'
'robbiehanson', 'Objective-C', 'C', 'Shell'
'iros', 'JavaScript', 'Ruby', 'Shell'
'daylerees', 'PHP', 'JavaScript', 'Shell'
'idiot', 'JavaScript', 'PHP', 'Shell'
'cloudhead', 'JavaScript', 'Ruby', 'C'
'nsf', 'Go', 'C', 'Python'
'ofTheo', 'C++', 'C', 'Objective-C'
'guilhermeblanco', 'PHP', 'Shell', 'JavaScript'
'scottjehl', 'JavaScript', 'PHP', 'CSS'
'macournoyer', 'Ruby', 'JavaScript', 'C'
'malsup', 'JavaScript'
'rpflorence', 'JavaScript', 'Shell', 'Ruby'
'imathis', 'Ruby', 'JavaScript', 'CoffeeScript'
'LeaVerou', 'JavaScript', 'CSS', 'PHP'
'karlseguin', 'JavaScript', 'CoffeeScript', 'Ruby'
'kishikawakatsumi', 'Objective-C', 'C', 'C++'
'coreyhaines', 'Ruby', 'JavaScript', 'Shell'
'ccampbell', 'JavaScript', 'Python', 'PHP'
'ramalho', 'Python', 'Shell', 'JavaScript'
'samvermette', 'Objective-C', 'Ruby', 'JavaScript'
'mklabs', 'JavaScript', 'Shell', 'VimL'
'nzakas', 'JavaScript', 'Shell', 'Java'
'typester', 'Perl', 'C', 'Objective-C'
'robbyrussell', 'Ruby', 'JavaScript', 'Shell'
'cortesi', 'Python', 'JavaScript', 'C'
'toji', 'JavaScript', 'C++', 'Dart'
'joshlong', 'Java', 'Shell', 'JavaScript'
'myusuf3', 'Python', 'JavaScript', 'Shell'
'ELLIOTTCABLE', 'Ruby', 'JavaScript', 'Shell'
'0xced', 'Objective-C', 'C', 'Ruby'
'aral', 'CoffeeScript', 'Python', 'JavaScript'
'brianmario', 'Ruby', 'C', 'JavaScript'
'TheRealKerni', 'Objective-C', 'Shell', 'Ruby'
'avdi', 'Ruby', 'JavaScript', 'Shell'
'pgbovine', 'Python', 'Shell', 'VimL'
'retlehs', 'PHP', 'Shell', 'VimL'
'ptwobrussell', 'Python', 'JavaScript', 'CSS'
'jeresig', 'JavaScript', 'Python', 'Perl'
'kswedberg', 'JavaScript', 'PHP', 'Shell'
'brandonkelly', 'PHP', 'JavaScript', 'C'
'chriscoyier', 'JavaScript', 'Ruby', 'PHP'
'kitcambridge', 'JavaScript', 'Ruby', 'Shell'
'markjaquith', 'PHP', 'Ruby', 'JavaScript'
'borismus', 'JavaScript', 'Python', 'Shell'
'mbleigh', 'Ruby', 'JavaScript', 'CoffeeScript'
'cloudwu', 'C', 'Lua', 'JavaScript'
'homakov', 'Ruby', 'JavaScript', 'Perl'
'BorisMoore', 'JavaScript', 'CSS', 'PHP'
'vogella', 'Java', 'Shell', 'Perl'
'springside', 'Java', 'CSS', 'Shell'
'Victa', 'JavaScript', 'Ruby', 'Shell'
'sk89q', 'Java', 'Python', 'JavaScript'
'wong2', 'JavaScript', 'Python', 'CoffeeScript'
'coding-horror', 'JavaScript', 'Python', 'CoffeeScript'
'abraham', 'JavaScript', 'PHP', 'Python'
'jverkoey', 'Objective-C', 'C', 'JavaScript'
'ubuwaits', 'Ruby', 'JavaScript', 'VimL'
'm2ym', 'Emacs', 'Lisp', 'Common'
'kriswallsmith', 'PHP', 'JavaScript', 'Ruby'
'spf13', 'VimL', 'PHP', 'Shell'
'swaroopch', 'JavaScript', 'Python', 'Shell'
'komagata', 'Ruby', 'JavaScript', 'Shell'
'ahoward', 'Ruby', 'JavaScript', 'Shell'
'tlberglund', 'Groovy', 'Shell', 'Java'
'atduskgreg', 'Ruby', 'C++', 'Java'
'scrooloose', 'Ruby', 'VimL', 'JavaScript'
'Wilto', 'JavaScript', 'PHP', 'Shell'
'BonsaiDen', 'JavaScript', 'Python', 'C'
'raggi', 'Ruby', 'JavaScript', 'C'
'Sutto', 'Ruby', 'JavaScript', 'CoffeeScript'
'SimonVT', 'Java', 'Groovy', 'Shell'
'tommcfarlin', 'PHP', 'JavaScript', 'CSS'
'justinabrahms', 'Python', 'JavaScript', 'Shell'
'bradfrost', 'JavaScript', 'CSS', 'PHP'
'tableless', 'CSS', 'JavaScript', 'PHP'
'devinsays', 'PHP', 'JavaScript', 'CSS'
'dherman', 'JavaScript', 'Racket', 'Shell'
'holman', 'Ruby', 'JavaScript', 'Shell'
'nikic', 'PHP', 'C', 'JavaScript'
'lgn21st', 'Ruby', 'JavaScript', 'CoffeeScript'
'jackmoore', 'JavaScript', 'CSS', 'Shell'
'davatron5000', 'JavaScript', 'PHP', 'CSS'
'pkrumins', 'JavaScript', 'C++', 'Perl'
'miketaylr', 'JavaScript', 'PHP', 'Ruby'
'defnull', 'Python', 'Shell', 'JavaScript'
'trevorturk', 'Ruby', 'JavaScript', 'Shell'
'mhevery', 'JavaScript', 'Shell', 'Ruby'
'colinmollenhour', 'PHP', 'JavaScript', 'Shell'
'guillaumebort', 'Scala', 'Java', 'JavaScript'
'rlerdorf', 'PHP', 'JavaScript', 'Shell'
'nkallen', 'Ruby', 'JavaScript', 'Scala'
'harperreed', 'Python', 'JavaScript', 'Shell'
'rcrowley', 'Ruby', 'Python', 'Shell'
'chad', 'Ruby', 'JavaScript', 'Shell'
'robbin', 'Ruby', 'Shell', 'JavaScript'
'finscn', 'JavaScript', 'CSS', 'Objective-C'
'chenshuo', 'C++', 'C', 'Shell'
'dchelimsky', 'Ruby', 'JavaScript', 'Shell'
'darcyclarke', 'JavaScript', 'Shell', 'CoffeeScript'
'kwhinnery', 'JavaScript', 'Java', 'CSS'
'bobuk', 'Python', 'Shell', 'JavaScript'
'yusuke', 'Java', 'Shell', 'JavaScript'
'DHowett', 'C', 'Objective-C', 'Shell'
'tianyicui', 'Ruby', 'Shell', 'Python'
'cv', 'Ruby', 'JavaScript', 'Shell'
'rentzsch', 'Objective-C', 'C', 'JavaScript'
'sstephenson', 'Ruby', 'JavaScript', 'CoffeeScript'
'isagalaev', 'Python', 'JavaScript'
'evanw', 'JavaScript', 'Python', 'C++'
'igrigorik', 'Ruby', 'JavaScript', 'Shell'
'gregmalcolm', 'Ruby', 'JavaScript', 'CoffeeScript'
'tavisrudd', 'Clojure', 'Shell', 'Python'
'mariusaeriksen', 'Haskell', 'Shell', 'Java'
'TTimo', 'Python', 'C', 'C++'
'joelhooks', 'ActionScript', 'JavaScript', 'Ruby'
'jeromegn', 'JavaScript', 'Ruby', 'CoffeeScript'
'paullewis', 'JavaScript', 'Shell', 'Python'
'aterrien', 'JavaScript', 'PHP', 'Pure'
'rsms', 'JavaScript', 'C', 'Shell'
'maddox', 'Ruby', 'Objective-C', 'JavaScript'
'yappo', 'Perl', 'JavaScript', 'C'
'joshbuddy', 'Ruby', 'JavaScript', 'Shell'
'codepo8', 'JavaScript', 'PHP', 'CSS'
'joshuaclayton', 'Ruby', 'JavaScript', 'CSS'
'codeworkx', 'Shell', 'C', 'Python'
'JEG2', 'Ruby', 'Emacs', 'Lisp'
'kamicane', 'JavaScript', 'PHP'
'nrrrdcore', 'JavaScript', 'CSS', 'Ruby'
'chneukirchen', 'Ruby', 'C', 'Shell'
'gf3', 'JavaScript', 'Ruby', 'Clojure'
'aaronsw', 'Python', 'Shell', 'C'
'SteveSanderson', 'JavaScript', 'C#', 'ASP'
'ubernostrum', 'Python', 'Shell', 'JavaScript'
'bmizerany', 'Ruby', 'Go', 'Shell'
'subdigital', 'Ruby', 'Objective-C', 'C'
'claus', 'ActionScript', 'JavaScript', 'Python'
'jgilfelt', 'Java', 'Shell', 'JavaScript'
'lukeredpath', 'Ruby', 'Objective-C', 'C'
'feelinglucky', 'PHP', 'JavaScript', 'Java'
'ashchan', 'Ruby', 'Objective-C', 'JavaScript'
'alganet', 'PHP', 'Shell', 'JavaScript'
'subtleGradient', 'JavaScript', 'Ruby', 'Shell'
'tualatrix', 'Python', 'JavaScript', 'Shell'
'billerickson', 'PHP', 'JavaScript', 'CSS'
'andreasgal', 'JavaScript', 'Python', 'C'
'ernie', 'Ruby', 'JavaScript', 'VimL'
'BradLarson', 'Objective-C', 'C', 'Shell'
'rtomayko', 'Ruby', 'C', 'Perl'
'padraic', 'PHP', 'JavaScript', 'Shell'
'mojombo', 'Ruby', 'JavaScript', 'Erlang'
'Hexxeh', 'Shell', 'Python', 'C'
'rniemeyer', 'JavaScript', 'CSS', 'Shell'
'scottschiller', 'JavaScript', 'ActionScript', 'Shell'
'ladyada', 'C', 'C++', 'Scilab'
'madrobby', 'JavaScript', 'Ruby', 'Shell'
'codeguy', 'PHP', 'JavaScript', 'CSS'
'TiuTalk', 'PHP', 'Shell', 'JavaScript'
'benedmunds', 'PHP', 'JavaScript', 'Ruby'
'pquerna', 'JavaScript', 'Shell', 'Python'
'cgrand', 'Clojure', 'Java', 'Shell'
'NV', 'JavaScript', 'Ruby', 'CSS'
'jugyo', 'Ruby', 'Python', 'JavaScript'
'soulwire', 'JavaScript', 'CoffeeScript', 'ActionScript'
'jboner', 'Java', 'Scala', 'Shell'
'nadlabak', 'C', 'Java', 'C++'
'trapd00r', 'Perl', 'VimL', 'Shell'
'ryanseddon', 'JavaScript', 'Shell', 'PHP'
'zacharyvoase', 'Python', 'Ruby', 'Shell'
'jamiew', 'Ruby', 'JavaScript', 'Shell'
'zedshaw', 'Python', 'C', 'Shell'
'darscan', 'ActionScript', 'Ruby', 'Shell'
'avalanche123', 'Ruby', 'PHP', 'JavaScript'
'franciscofranco', 'C', 'Shell', 'VimL'
'fgnass', 'JavaScript', 'Ruby', 'PHP'
'soveran', 'Ruby', 'Shell', 'Perl'
'stuarthalloway', 'Clojure', 'Ruby', 'JavaScript'
'ihower', 'Ruby', 'JavaScript', 'CoffeeScript'
'cho45', 'Perl', 'JavaScript', 'Ruby'
'kennytm', 'Python', 'Shell', 'C++'
'mohamedmansour', 'JavaScript', 'Java', 'Shell'
'raganwald', 'JavaScript', 'CoffeeScript', 'Ruby'
'sugyan', 'JavaScript', 'Perl', 'Ruby'
'cubiq', 'JavaScript', 'PHP', 'CSS'
'jwage', 'PHP', 'Objective-C', 'JavaScript'
'chovy', 'JavaScript', 'Shell', 'Python'
'justin', 'Objective-C', 'Ruby', 'C'
'viniciusteles', 'Ruby', 'Puppet', 'JavaScript'
'donnfelker', 'Java', 'JavaScript', 'Python'
'honcheng', 'Objective-C', 'C', 'Python'
'nathansmith', 'JavaScript', 'Ruby', 'CSS'
'dshaw', 'JavaScript', 'Shell', 'Ruby'
'joehewitt', 'JavaScript', 'C++', 'C'
'MugunthKumar', 'Objective-C', 'C', 'PHP'
'hooopo', 'Ruby', 'JavaScript', 'CoffeeScript'
'dcneiner', 'JavaScript', 'PHP', 'Shell'
'gregoryyoung', 'C#', 'Ruby', 'ASP'
'jayli', 'JavaScript', 'PHP', 'Shell'
'jm', 'Ruby', 'JavaScript', 'Shell'
'kakutani', 'Ruby', 'JavaScript', 'Java'
'ngerakines', 'Erlang', 'Perl', 'JavaScript'
'nimbupani', 'JavaScript', 'F#', 'Ruby'
'jamierumbelow', 'PHP', 'JavaScript', 'Ruby'
'brandonaaron', 'JavaScript', 'Ruby', 'PHP'
'hagenburger', 'Ruby', 'JavaScript', 'CoffeeScript'
'nicolasgramlich', 'Java', 'Shell', 'C'
'yusukebe', 'Perl', 'JavaScript', 'CSS'
'kellabyte', 'C#', 'Python', 'ASP'
'ccoenraets', 'JavaScript', 'PHP', 'ActionScript'
'kneath', 'JavaScript', 'Ruby', 'CoffeeScript'
'TimToady', 'JavaScript', 'Ruby', 'CoffeeScript'
'tholman', 'JavaScript', 'CSS', 'Shell'
'codebutler', 'Shell', 'Java', 'Ruby'
'eminetto', 'PHP', 'JavaScript', 'Shell'
'qiao', 'JavaScript', 'CoffeeScript', 'Shell'
'adrianholovaty', 'JavaScript', 'Python', 'Shell'
'dpp', 'Scala', 'Shell', 'JavaScript'
'stevestreza', 'Objective-C', 'C', 'JavaScript'
'ccgus', 'Objective-C', 'C', 'Python'
'ibdknox', 'Clojure', 'JavaScript', 'Shell'
'taitems', 'JavaScript', 'CSS', 'PHP'
'jamesgolick', 'Ruby', 'JavaScript', 'Shell'
'cameronmcefee', 'JavaScript', 'Ruby', 'Python'
'schacon', 'Ruby', 'JavaScript', 'C'
'ryanb', 'Ruby', 'JavaScript', 'Shell'
'dhg', 'JavaScript', 'CSS', 'PHP'
'KirinDave', 'Ruby', 'Erlang', 'JavaScript'
'timburks', 'Objective-C', 'Nu', 'C'
'jiangxin', 'Ruby', 'Shell', 'JavaScript'
'brynary', 'Ruby', 'JavaScript', 'Shell'
'JeffreyZhao', 'C#', 'JavaScript', 'ASP'
'plusjade', 'Ruby', 'JavaScript', 'PHP'
'ded', 'JavaScript'
'dankogai', 'Perl', 'JavaScript', 'C'
'netojoaobatista', 'PHP', 'Java', 'JavaScript'
'johnlindquist', 'ActionScript', 'JavaScript', 'Java'
'apenwarr', 'Python', 'Shell', 'C'
'yuroyoro', 'Scala', 'Ruby', 'Shell'
'botelho', 'JavaScript'
'quirkey', 'Ruby', 'JavaScript', 'PHP'
'dhrrgn', 'PHP', 'JavaScript', 'CSS'
'destroytoday', 'ActionScript', 'Ruby', 'JavaScript'
'JeffreyWay', 'PHP', 'JavaScript', 'Shell'
'fengli', 'Python', 'C', 'Shell'
'echen', 'Ruby', 'R', 'Scala'
'johannilsson', 'Java', 'Python', 'PHP'
'ole', 'Objective-C', 'Ruby', 'C'
'triceam', 'JavaScript', 'Objective-C', 'Shell'
'iosdeveloper', 'Objective-C', 'C', 'PHP'
'MartianZ', 'C', 'C++', 'Shell'
'richhickey', 'Clojure', 'Java', 'JavaScript'
'pamelafox', 'JavaScript', 'Python', 'Shell'
'chriseppstein', 'Ruby', 'JavaScript', 'Shell'
'bernarddeluna', 'JavaScript', 'Ruby', 'Shell'
'tlrobinson', 'JavaScript', 'Shell', 'Ruby'
'garybernhardt', 'Ruby', 'Python', 'Shell'
'fabiokung', 'Ruby', 'Shell', 'JavaScript'
'dual3nigma', 'JavaScript', 'CoffeeScript', 'CSS'
'Grafikart', 'PHP', 'JavaScript', 'CSS'
'grpaul', 'Python', 'C', 'Objective-C'
'ajamaica', 'Python', 'C', 'JavaScript'
'tapajos', 'Ruby', 'JavaScript', 'Shell'
'mame', 'Ruby', 'C', 'JavaScript'
'joearms', 'Erlang', 'JavaScript', 'Shell'
'hongqn', 'Python', 'Shell', 'VimL'
'ciaranj', 'JavaScript', 'Shell', 'Ruby'
'fbrnc', 'PHP', 'JavaScript', 'Shell'
'mttkay', 'Java', 'Ruby', 'Groovy'
'mystcolor', 'Objective-C', 'Ruby', 'C'
'mikeash', 'Objective-C', 'C', 'Python'
'jrockway', 'Perl', 'Emacs', 'Lisp'
'garann', 'JavaScript', 'Ruby', 'PHP'
'jonikorpi', 'JavaScript', 'Ruby'
'hmason', 'Python', 'JavaScript', 'DOT'
'devinross', 'Ruby', 'Objective-C'
'bcherry', 'JavaScript', 'Python', 'Ruby'
'guilhermesilveira', 'Ruby', 'JavaScript', 'Java'
'webcoyote', 'Shell', 'Ruby', 'PowerShell'
'nakajima', 'Ruby', 'JavaScript', 'CoffeeScript'
'gigamonkey', 'Common', 'Lisp', 'JavaScript'
'defunkt', 'Ruby', 'JavaScript', 'Shell'
'carlosbrando', 'Ruby', 'JavaScript', 'Shell'
'loiane', 'JavaScript', 'Java', 'Ruby'
'wayneeseguin', 'Ruby', 'JavaScript', 'Shell'
'al3x', 'Ruby', 'Scala', 'Python'
'chaoslawful', 'C', 'Perl', 'Shell'
'jnewland', 'Ruby', 'JavaScript', 'Shell'
'ericflo', 'Python', 'JavaScript', 'Shell'
'adamwiggins', 'Ruby', 'JavaScript', 'C'
'gabriel', 'Objective-C', 'C', 'Ruby'
'AvianFlu', 'JavaScript', 'C++', 'Shell'
'foca', 'Ruby', 'JavaScript', 'Puppet'
'justinfrench', 'Ruby', 'JavaScript', 'CSS'
'jfeinstein10', 'Java', 'C', 'VimL'
'yuiseki', 'Ruby', 'JavaScript', 'Python'
'neojp', 'JavaScript', 'PHP', 'Perl'
'drewconway', 'Python', 'R', 'JavaScript'
'daneden', 'JavaScript', 'PHP', 'CSS'
'hoisie', 'Go', 'Ruby', 'JavaScript'
'lyricat', 'Shell', 'Python', 'JavaScript'
'Siedrix', 'JavaScript', 'PHP', 'CoffeeScript'
'aaronksaunders', 'JavaScript', 'Python', 'Objective-C'
'eddiemachado', 'JavaScript', 'PHP', 'CSS'
'mfields', 'PHP', 'JavaScript', 'CSS'
'DmitryBaranovskiy', 'JavaScript', 'PHP', 'Ruby'
'stevedekorte', 'C', 'Objective-C', 'Io'
'comex', 'C', 'Shell', 'Python'
'philogb', 'JavaScript', 'Python', 'Shell'
'peterc', 'Ruby', 'JavaScript', 'Python'
'predominant', 'PHP', 'JavaScript', 'Shell'
'LeonidasEsteban', 'JavaScript', 'CSS', 'Python'
'luis-almeida', 'JavaScript'
'sr', 'Ruby', 'JavaScript', 'Shell'
'tolmasky', 'JavaScript', 'Objective-J', 'Ruby'
'amix', 'Shell', 'CoffeeScript', 'VimL'
'verekia', 'JavaScript', 'PHP', 'Java'
'robin', 'Objective-C', 'Ruby', 'C'
'RJ', 'Erlang', 'Shell', 'Python'
'chloerei', 'Ruby', 'JavaScript', 'CoffeeScript'
'mattb', 'Ruby', 'Objective-C', 'JavaScript'
'joshsusser', 'Ruby', 'JavaScript', 'Shell'
'hotchpotch', 'Ruby', 'JavaScript', 'VimL'
'oschina', 'Java', 'C', 'Objective-C'
'djspiewak', 'Scala', 'Shell', 'Java'
'suissa', 'JavaScript', 'PHP', 'Shell'
'eduardordm', 'Ruby', 'C', 'JavaScript'
'douglascrockford', 'JavaScript', 'C', 'Perl'
'peteralfonso', 'Shell', 'C', 'C++'
'davedelong', 'Objective-C', 'C', 'Ruby'
'mitchellsimoens', 'JavaScript', 'Ruby', 'PHP'
'pluskid', 'Python', 'Ruby', 'C++'
'tylerhall', 'PHP', 'Objective-C', 'C'
'hukl', 'Ruby', 'Erlang', 'JavaScript'
'stubbornella', 'JavaScript', 'CSS', 'Ruby'
'adamstac', 'Ruby', 'JavaScript', 'Objective-C'
'carllerche', 'Ruby', 'C', 'Java'
'robconery', 'JavaScript', 'C#', 'CoffeeScript'
'designmodo', 'CSS', 'JavaScript'
'chromatic', 'Perl', 'Shell', 'C'
'tobi', 'Ruby', 'JavaScript', 'Go'
'qiniu', 'Go', 'Shell', 'JavaScript'
'topfunky', 'Ruby', 'JavaScript', 'Shell'
'moonpolysoft', 'Erlang', 'Shell', 'C'
'jbalogh', 'Python', 'Shell', 'JavaScript'
'kylebragger', 'Ruby', 'PHP', 'JavaScript'
'psychs', 'Objective-C', 'C', 'Ruby'
'pauldix', 'Ruby', 'JavaScript', 'Shell'
'quicklisp', 'Common', 'Lisp', 'Emacs'
'yugui', 'Ruby', 'C', 'Shell'
'bartaz', 'JavaScript', 'Ruby', 'Python'
'leah', 'Python', 'JavaScript', 'Ruby'
'olabini', 'Ruby', 'Java', 'Shell'
'tinyfool', 'JavaScript', 'Objective-C', 'Java'
'wintercn', 'JavaScript', 'PHP', 'Ruby'
'jhaynie', 'JavaScript', 'Python', 'C++'
'joestump', 'Python', 'PHP', 'JavaScript'
'unclebob', 'Java', 'Shell', 'Ruby'
'balajis', 'Python', 'C', 'Ruby'
'probablycorey', 'Ruby', 'Objective-C', 'Shell'
'akitaonrails', 'Ruby', 'JavaScript', 'Shell'
'posixninja', 'C', 'C++', 'Shell'
'shichuan', 'Ruby', 'JavaScript', 'CoffeeScript'
'j2labs', 'Python', 'Shell', 'JavaScript'
'pageman', 'Ruby', 'JavaScript', 'Shell'
'copumpkin', 'Haskell', 'C', 'Scala'
'gskinner', 'ActionScript', 'JavaScript', 'Shell'
'AlanQuatermain', 'Objective-C', 'C', 'C++'
'jamis', 'Ruby', 'JavaScript', 'C'
'nf', 'Go', 'JavaScript', 'Shell'
'hollance', 'Objective-C', 'C', 'Shell'
'BrendanEich', 'JavaScript'
'Dinnerbone', 'Java', 'Python'
'danielvlopes', 'Ruby', 'JavaScript', 'Objective-C'
'NZKoz', 'Ruby', 'Shell', 'JavaScript'
'andymatuschak', 'Objective-C', 'C', 'Ruby'
'akosma', 'Objective-C', 'Shell', 'Ruby'
'lzyy', 'PHP', 'JavaScript', 'Python'
'freddier', 'CSS', 'Python'
'atebits', 'Objective-C', 'C', 'C++'
'guilhermechapiewski', 'Python', 'JavaScript', 'Shell'
'petewarden', 'PHP', 'Python', 'JavaScript'
'Gregg', 'Ruby', 'JavaScript', 'Shell'
'mtodd', 'Ruby', 'JavaScript', 'Shell'
'romannurik', 'Java'
'juliamae', 'Ruby', 'JavaScript', 'Shell'
'shadowhand', 'PHP', 'JavaScript', 'Shell'
'crnacura', 'CSS'
'miksago', 'JavaScript', 'Ruby', 'Shell'
'dan', 'Ruby', 'JavaScript', 'PHP'
'mranney', 'JavaScript', 'Shell', 'C++'
'planetbeing', 'C', 'C++', 'Shell'
'stoyan', 'JavaScript', 'Shell', 'PHP'
'cyrilmottier', 'Java', 'JavaScript', 'C#'
'worrydream', 'JavaScript'
'omz', 'Objective-C', 'C', 'C++'
'edavis10', 'Ruby', 'JavaScript', 'Perl'
'ice799', 'C', 'Ruby', 'Shell'
'bgardner', 'C', 'Ruby', 'Shell'
'mikechambers', 'JavaScript', 'ActionScript', 'C'
'AdamAtomic', 'ActionScript', 'Shell', 'JavaScript'
'mattgemmell', 'Objective-C', 'JavaScript', 'C'
'ry', 'Objective-C', 'JavaScript', 'C'
'vim-scripts', 'VimL', 'Python', 'Shell'
'simonw', 'Python', 'JavaScript', 'Ruby'
'csjaba', 'Ruby', 'JavaScript', 'CoffeeScript'
'AnderWeb', 'Java'
'orderedlist', 'Ruby', 'JavaScript'
'saurik', 'C', 'Shell', 'Ruby'
'boctor', 'Objective-C', 'Ruby', 'C'
'robertpenner', 'ActionScript', 'Ruby', 'Shell'
'erica', 'Objective-C', 'Shell', 'C'
'StylingAndroid', 'Java'
'mala', 'Perl', 'C', 'Ruby'
'adactio', 'JavaScript', 'PHP'
'r00k', 'Ruby', 'JavaScript', 'VimL'
'sonyxperiadev', 'Shell', 'C', 'Java'
'otsune', 'Perl'
'ChainsDD', 'Java', 'C', 'Shell'
'pcalcado', 'Clojure', 'Ruby', 'Shell'
'jlamarche', 'Objective-C', 'C', 'Python'
'iccfish', 'C#', 'JavaScript'
'ikeay', 'Ruby', 'JavaScript', 'CoffeeScript'
'robhawkes', 'JavaScript', 'ActionScript', 'Ruby'
'hcilab', 'C', 'Go', 'JavaScript'
'cocos2d', 'C', 'Objective-C', 'JavaScript'
'finiteloop', 'Python', 'JavaScript'
'voloko', 'JavaScript', 'Ruby', 'Shell'
'lifo', 'Ruby', 'JavaScript', 'Shell'
'livid', 'Python', 'JavaScript', 'Ruby'
'haqu', 'C++', 'Objective-C', 'C'
'railstutorial', 'Ruby', 'JavaScript', 'CoffeeScript'
'rednaxelafx', 'Ruby', 'Java', 'JavaScript'
'pjhyett', 'Ruby', 'JavaScript', 'C'
'amachang', 'JavaScript', 'Shell'
'edspencer', 'JavaScript', 'Ruby', 'PHP'
'malarkey', 'JavaScript', 'PHP', 'CSS'
'romainguy', 'Java'
'cinder', 'C++', 'Objective-C', 'C'
'CakeDC', 'PHP', 'JavaScript', 'Shell'
'pod2g', 'C', 'Python', 'Perl'
'fuel-packages', 'PHP', 'JavaScript', 'C'
'obie', 'Ruby', 'JavaScript', 'Perl'
'franzinc', 'C', 'Common', 'Lisp'
'stefanesser', 'C', 'PHP'
'flight404', 'C++', 'C', 'Objective-C'
'marcoarment', 'Objective-C', 'PHP', 'Shell'
'kevinweil', 'Java', 'Ruby', 'JavaScript'